id,category,title,image,sha256,data_origin,historical,validation,note,origin_paths,scripts
BF-0001,heatmaps,染色质信号热图,docs/assets/gallery/domain-chromatin-heatmap.png,895d3c7915ed9e76be30469e066559c05246ca2c314c36db92fdc2a4ad5286ae,simulated,False,gallery-file-verified; full-CP0-CP4-not-asserted,模拟数据／方法展示；非原论文数据复现。,Project_001_生物科研绘图Skill/docs/assets/gallery/domain-chromatin-heatmap.png,biofigure/examples/gallery/generate_domain_gallery.R
BF-0002,profiles,染色质信号曲线,docs/assets/gallery/domain-chromatin-profile.png,e735a543a0cfbe60f84eb781dca4a8b64f629c3927943301f5652526985908c2,simulated,False,gallery-file-verified; full-CP0-CP4-not-asserted,模拟数据／方法展示；非原论文数据复现。,Project_001_生物科研绘图Skill/docs/assets/gallery/domain-chromatin-profile.png,biofigure/examples/gallery/generate_domain_gallery.R
BF-0003,multipanel,图像实验板示意,docs/assets/gallery/domain-imaging-assay.png,b26ab7f421760edcb6491592c130544b1b031664ca47c4ccb603b632465d0da5,simulated,False,gallery-file-verified; full-CP0-CP4-not-asserted,模拟数据／方法展示；非原论文数据复现。,Project_001_生物科研绘图Skill/docs/assets/gallery/domain-imaging-assay.png,biofigure/examples/gallery/generate_domain_gallery.R
BF-0004,multipanel,机制关系示意,docs/assets/gallery/domain-mechanism.png,9c20a39bc3557f11f087081e6827dd68ab1b15972fc09efbebd64ebefdd088fd,simulated,False,gallery-file-verified; full-CP0-CP4-not-asserted,模拟数据／方法展示；非原论文数据复现。,Project_001_生物科研绘图Skill/docs/assets/gallery/domain-mechanism.png,biofigure/examples/gallery/generate_domain_gallery.R
BF-0005,embeddings,代谢组 PCA,docs/assets/gallery/domain-metabolomics-pca.png,3853d3170cce55ec50f850b9294e06743302d926ccb3596fbe057f0a7840f2e9,simulated,False,gallery-file-verified; full-CP0-CP4-not-asserted,模拟数据／方法展示；非原论文数据复现。,Project_001_生物科研绘图Skill/docs/assets/gallery/domain-metabolomics-pca.png,biofigure/examples/gallery/generate_domain_gallery.R
BF-0006,clinical,ROC 与校准曲线,docs/assets/gallery/domain-ml-evaluation.png,6b49f665c3451d97e769a46f17c9cc316a042a0a2f386a9818e9c2aa62b53837,simulated,False,gallery-file-verified; full-CP0-CP4-not-asserted,模拟数据／方法展示；非原论文数据复现。,Project_001_生物科研绘图Skill/docs/assets/gallery/domain-ml-evaluation.png,biofigure/examples/gallery/generate_domain_gallery.R
BF-0007,correlations,跨组学关联,docs/assets/gallery/domain-multiomics-association.png,9491c88cf9601bfd9f7df8510ddb1815f169446450f7bc44669fdd1b34fdcd95,simulated,False,gallery-file-verified; full-CP0-CP4-not-asserted,模拟数据／方法展示；非原论文数据复现。,Project_001_生物科研绘图Skill/docs/assets/gallery/domain-multiomics-association.png,biofigure/examples/gallery/generate_domain_gallery.R
BF-0008,multipanel,多面板证据组合,docs/assets/gallery/domain-multipanel-evidence.png,77a06b6b7225d66e4132b53bbd2e9d2094cf21dd1c3a326f5ae372c655759215,simulated,False,gallery-file-verified; full-CP0-CP4-not-asserted,模拟数据／方法展示；非原论文数据复现。,Project_001_生物科研绘图Skill/docs/assets/gallery/domain-multipanel-evidence.png,biofigure/examples/gallery/generate_domain_gallery.R
BF-0009,embeddings,单细胞 UMAP 布局示意,docs/assets/gallery/domain-single-cell-umap.png,63e5828460e0d2f19d70d0db98c958376d9ce81215e17d28cf70818734070b41,simulated,False,gallery-file-verified; full-CP0-CP4-not-asserted,模拟数据／方法展示；非原论文数据复现。,Project_001_生物科研绘图Skill/docs/assets/gallery/domain-single-cell-umap.png,biofigure/examples/gallery/generate_domain_gallery.R
BF-0010,embeddings,空间表达,docs/assets/gallery/domain-spatial-expression.png,17978ee7dc85e4869ddd13867021d07d1df960bee1730da6d0a854c87e782c31,simulated,False,gallery-file-verified; full-CP0-CP4-not-asserted,模拟数据／方法展示；非原论文数据复现。,Project_001_生物科研绘图Skill/docs/assets/gallery/domain-spatial-expression.png,biofigure/examples/gallery/generate_domain_gallery.R
BF-0011,genomes,结构变异 Circos 示意,docs/assets/gallery/domain-structural-variation.png,cd86c3af43b174c5de5745fe7f9e7ec2387f4ed7258eb1187b87bf335e8fdc8e,simulated,False,gallery-file-verified; full-CP0-CP4-not-asserted,模拟数据／方法展示；非原论文数据复现。,Project_001_生物科研绘图Skill/docs/assets/gallery/domain-structural-variation.png,biofigure/examples/gallery/generate_domain_gallery.R
BF-0012,genomes,共线性示意,docs/assets/gallery/domain-synteny.png,3ffa0e5372bcebc661cb2de20a3677156fea4e4b6437e33e01a2f8f8dc93cc78,simulated,False,gallery-file-verified; full-CP0-CP4-not-asserted,模拟数据／方法展示；非原论文数据复现。,Project_001_生物科研绘图Skill/docs/assets/gallery/domain-synteny.png,biofigure/examples/gallery/generate_domain_gallery.R
BF-0013,heatmaps,表达热图,docs/assets/gallery/template-heatmap.png,4371cea8532889139f0adf3cdd3c0c022a77a55ae3e2350c1b779a37f5c8b2a5,simulated,False,gallery-file-verified; full-CP0-CP4-not-asserted,模拟数据／方法展示；非原论文数据复现。,Project_001_生物科研绘图Skill/docs/assets/gallery/template-heatmap.png,biofigure/examples/gallery/generate_core_gallery.R
BF-0014,genomes,系统树与多轨注释,docs/assets/gallery/template-phylogeny-tracks.png,3f1af27c1e7581adcb4c64e129becaf619a97323c316897fc02d98ae10ea19ed,simulated,False,gallery-file-verified; full-CP0-CP4-not-asserted,模拟数据／方法展示；非原论文数据复现。,Project_001_生物科研绘图Skill/docs/assets/gallery/template-phylogeny-tracks.png | Project_001_生物科研绘图Skill/reproductions/2026-09-09/output/phylogeny.png,biofigure/examples/gallery/generate_advanced_gallery.R
BF-0015,radar,多指标雷达图,docs/assets/gallery/template-radar.png,61b14e9eaacbef209a298858f231245b0dddec7c7e6a4d7cfef8a36463a17ff1,simulated,False,gallery-file-verified; full-CP0-CP4-not-asserted,模拟数据／方法展示；非原论文数据复现。,Project_001_生物科研绘图Skill/docs/assets/gallery/template-radar.png | Project_001_生物科研绘图Skill/reproductions/2026-09-09/output/radar.png,biofigure/examples/gallery/generate_advanced_gallery.R
BF-0016,distributions,云雨图,docs/assets/gallery/template-raincloud.png,0db3e621c498ba8197aaba4ea260e4fe9958c8e116a61c2111c7fcb47647299a,simulated,False,gallery-file-verified; full-CP0-CP4-not-asserted,模拟数据／方法展示；非原论文数据复现。,Project_001_生物科研绘图Skill/docs/assets/gallery/template-raincloud.png | Project_001_生物科研绘图Skill/reproductions/2026-09-09/output/raincloud.png,biofigure/examples/gallery/generate_advanced_gallery.R
BF-0017,embeddings,单细胞标记基因气泡图,docs/assets/gallery/template-single-cell-dotplot.png,11f40a31126f508ec7447db5532fae8607570ca7150fce9d7a9b20fed3031ace,simulated,False,gallery-file-verified; full-CP0-CP4-not-asserted,模拟数据／方法展示；非原论文数据复现。,Project_001_生物科研绘图Skill/docs/assets/gallery/template-single-cell-dotplot.png,biofigure/examples/gallery/generate_core_gallery.R
BF-0018,differential,火山图,docs/assets/gallery/template-volcano.png,23afc221056b61d627e923fb516e843fb97301b74de1eb7edf4a683a8f51af66,simulated,False,gallery-file-verified; full-CP0-CP4-not-asserted,模拟数据／方法展示；非原论文数据复现。,Project_001_生物科研绘图Skill/docs/assets/gallery/template-volcano.png,biofigure/examples/gallery/generate_core_gallery.R
BF-0019,genomes,嵌套染色体与区间分布,docs/assets/genome-gallery/chromosome-distribution.png,ff0429822041b3bdaba1ac35dfb70c19b1577b598d7c1654593150d563520dd3,simulated,False,gallery-file-verified; full-CP0-CP4-not-asserted,模拟数据／方法展示；非原论文数据复现。,Project_001_生物科研绘图Skill/docs/assets/genome-gallery/chromosome-distribution.png | Project_001_生物科研绘图Skill/work/github-refresh/genome-run/results/figures/genome_distribution_independent.png | Project_017_基因组分布图验证/results/figures/genome_distribution_independent.png,biofigure/examples/genome-gallery/draw.R
BF-0020,clinical,β 森林图,docs/assets/reference-transfer/forest.png,7425296c5a816c29cbd9a7588325962ebee37310c263574157c3f7c3c9f1a227,simulated,False,gallery-file-verified; full-CP0-CP4-not-asserted,模拟数据／方法展示；非原论文数据复现。,Project_001_生物科研绘图Skill/docs/assets/reference-transfer/forest.png | Project_001_生物科研绘图Skill/work/benchmark-v2/random-next-three/results/figures/forest.png | Project_001_生物科研绘图Skill/work/github-refresh/reproduction/results/figures/forest.png,biofigure/examples/reference-transfer/scripts/draw.R
BF-0021,heatmaps,突变能量热图,docs/assets/reference-transfer/mutation.png,9122bdc0b1f0b7d6544c86de2d24c41c912001ecfcb981f058ba714875d8cdfd,simulated,False,gallery-file-verified; full-CP0-CP4-not-asserted,模拟数据／方法展示；非原论文数据复现。,Project_001_生物科研绘图Skill/docs/assets/reference-transfer/mutation.png | Project_001_生物科研绘图Skill/work/benchmark-v2/random-next-three/results/figures/mutation.png | Project_001_生物科研绘图Skill/work/github-refresh/reproduction/results/figures/mutation.png,biofigure/examples/reference-transfer/scripts/draw.R
BF-0022,composition,三元分组图,docs/assets/reproduction-gallery/figure_073_issue065_ternary_groups.png,34fea1827e9d4aa7a5b175a24c6b064702e5802f6a7c7e55d45a2c6ed6437070,simulated,False,gallery-file-verified; full-CP0-CP4-not-asserted,模拟数据／方法展示；非原论文数据复现。,Project_001_生物科研绘图Skill/docs/assets/reproduction-gallery/figure_073_issue065_ternary_groups.png | Project_015_BioFigure全量复现验证/results/figures/figure_073_issue065_ternary_groups.png,biofigure/examples/reproduction-gallery/generate_064_080_gallery.R
BF-0023,heatmaps,半圆多轨热图,docs/assets/reproduction-gallery/figure_076_issue067_circlize_rainbow_heatmap.png,bc2420ba754ec3cc3ef0f7d7a4eb41c08d8e8672fe319dd6467969747d45d5da,simulated,False,gallery-file-verified; full-CP0-CP4-not-asserted,模拟数据／方法展示；非原论文数据复现。,Project_001_生物科研绘图Skill/docs/assets/reproduction-gallery/figure_076_issue067_circlize_rainbow_heatmap.png | Project_015_BioFigure全量复现验证/results/figures/figure_076_issue067_circlize_rainbow_heatmap.png,biofigure/examples/reproduction-gallery/generate_064_080_gallery.R
BF-0024,heatmaps,临床注释热图,docs/assets/reproduction-gallery/figure_077_issue068_clinical_heatmap.png,78ee0f0c1f027b92a1788de7b2407062a677fb16434a5278e01cfea3272b8d12,simulated,False,gallery-file-verified; full-CP0-CP4-not-asserted,模拟数据／方法展示；非原论文数据复现。,Project_001_生物科研绘图Skill/docs/assets/reproduction-gallery/figure_077_issue068_clinical_heatmap.png | Project_015_BioFigure全量复现验证/results/figures/figure_077_issue068_clinical_heatmap.png,biofigure/examples/reproduction-gallery/generate_064_080_gallery.R
BF-0025,clinical,带注释泳道图,docs/assets/reproduction-gallery/figure_081_issue070_annotated_swimmer.png,109f027cd110ee8e64dadc83c4200ee1aa3bc095d4c2b404377d40b6a47812ac,simulated,False,gallery-file-verified; full-CP0-CP4-not-asserted,模拟数据／方法展示；非原论文数据复现。,Project_001_生物科研绘图Skill/docs/assets/reproduction-gallery/figure_081_issue070_annotated_swimmer.png | Project_015_BioFigure全量复现验证/results/figures/figure_081_issue070_annotated_swimmer.png,biofigure/examples/reproduction-gallery/generate_064_080_gallery.R
BF-0026,composition,双层环图,docs/assets/reproduction-gallery/figure_083_issue072_nested_piedonut.png,58edbb74ec2672591d9d19c0849e11088672547a82f1a55cdeab37cbd81235bb,simulated,False,gallery-file-verified; full-CP0-CP4-not-asserted,模拟数据／方法展示；非原论文数据复现。,Project_001_生物科研绘图Skill/docs/assets/reproduction-gallery/figure_083_issue072_nested_piedonut.png | Project_015_BioFigure全量复现验证/results/figures/figure_083_issue072_nested_piedonut.png,biofigure/examples/reproduction-gallery/generate_064_080_gallery.R
BF-0027,networks,花瓣式层级网络,docs/assets/reproduction-gallery/figure_086_issue074_petal_network.png,9bbb07f6ed13e85aa32fe7d962dbb7c343c83cc8d364d63dc2fa1d7073c04025,simulated,False,gallery-file-verified; full-CP0-CP4-not-asserted,模拟数据／方法展示；非原论文数据复现。,Project_001_生物科研绘图Skill/docs/assets/reproduction-gallery/figure_086_issue074_petal_network.png | Project_015_BioFigure全量复现验证/results/figures/figure_086_issue074_petal_network.png,biofigure/examples/reproduction-gallery/generate_064_080_gallery.R
BF-0028,distributions,山脊与条码组合,docs/assets/reproduction-gallery/figure_088_issue077_ridgeline_barcode.png,136a48d73d40a8eeff8704912d80c49657c1c401d625c8774b7223ec54503136,simulated,False,gallery-file-verified; full-CP0-CP4-not-asserted,模拟数据／方法展示；非原论文数据复现。,Project_001_生物科研绘图Skill/docs/assets/reproduction-gallery/figure_088_issue077_ridgeline_barcode.png | Project_015_BioFigure全量复现验证/results/figures/figure_088_issue077_ridgeline_barcode.png,biofigure/examples/reproduction-gallery/generate_064_080_gallery.R
BF-0029,networks,地理流向地图,docs/assets/reproduction-gallery/figure_090_issue080_flow_map.png,2b2f1e653d6979ceaa84d4d2993149ebf303ee61b0888c52cf930b57946e3fb7,simulated,False,gallery-file-verified; full-CP0-CP4-not-asserted,模拟数据／方法展示；非原论文数据复现。,Project_001_生物科研绘图Skill/docs/assets/reproduction-gallery/figure_090_issue080_flow_map.png | Project_015_BioFigure全量复现验证/results/figures/figure_090_issue080_flow_map.png,biofigure/examples/reproduction-gallery/generate_064_080_gallery.R
BF-0030,embeddings,PCoA 与边际分布,docs/assets/scidraw-gallery/01_pcoa_marginal.png,d9d9cc66d0b2d2e7dc42637bf13aa06845de4b57576cb40e93dbe2cb3278630b,simulated,False,gallery-file-verified; full-CP0-CP4-not-asserted,模拟数据／方法展示；非原论文数据复现。,Project_001_生物科研绘图Skill/docs/assets/scidraw-gallery/01_pcoa_marginal.png | Project_008_SciDraw六图复现/results/figures/01_pcoa_marginal.png,biofigure/examples/scidraw-gallery/scripts/generate_six_scidraw.R
BF-0031,composition,细胞状态三元图,docs/assets/scidraw-gallery/02_ternary_cell_state.png,b38a107743a5618dd2602ceb23a898462fd1e19823d786a886032cda51d59e79,simulated,False,gallery-file-verified; full-CP0-CP4-not-asserted,模拟数据／方法展示；非原论文数据复现。,Project_001_生物科研绘图Skill/docs/assets/scidraw-gallery/02_ternary_cell_state.png | Project_008_SciDraw六图复现/results/figures/02_ternary_cell_state.png,biofigure/examples/scidraw-gallery/scripts/generate_six_scidraw.R
BF-0032,correlations,相关热图,docs/assets/scidraw-gallery/03_correlation_heatmap.png,71e70955140675e5b8a6bf4fe7b06c3c7e93718f5a45000d095de53cc5077007,simulated,False,gallery-file-verified; full-CP0-CP4-not-asserted,模拟数据／方法展示；非原论文数据复现。,Project_001_生物科研绘图Skill/docs/assets/scidraw-gallery/03_correlation_heatmap.png | Project_008_SciDraw六图复现/results/figures/03_correlation_heatmap.png,biofigure/examples/scidraw-gallery/scripts/generate_six_scidraw.R
BF-0033,clinical,患者泳道图,docs/assets/scidraw-gallery/04_patient_swimmer.png,7e7dfe69fc88038944be2947e9af3a4cab975ebd8871128e405fcddde911ce23,simulated,False,gallery-file-verified; full-CP0-CP4-not-asserted,模拟数据／方法展示；非原论文数据复现。,Project_001_生物科研绘图Skill/docs/assets/scidraw-gallery/04_patient_swimmer.png | Project_008_SciDraw六图复现/results/figures/04_patient_swimmer.png,biofigure/examples/scidraw-gallery/scripts/generate_six_scidraw.R
BF-0034,composition,弦图与外层注释轨道,docs/assets/scidraw-gallery/05_chord_outer_track.png,32749221bbeacad9378021e785e6b88d5e718bd2238f14e982b79eae520cf7c4,simulated,False,gallery-file-verified; full-CP0-CP4-not-asserted,模拟数据／方法展示；非原论文数据复现。,Project_001_生物科研绘图Skill/docs/assets/scidraw-gallery/05_chord_outer_track.png | Project_008_SciDraw六图复现/results/figures/05_chord_outer_track.png,biofigure/examples/scidraw-gallery/scripts/generate_six_scidraw.R
BF-0035,differential,火山图与 GSEA 组合,docs/assets/scidraw-gallery/06_volcano_gsea.png,2f7f7bfe799c65bb8c38a4207edbc48c1cf8803fdcd44d5e6579dc605a0e862e,simulated,False,gallery-file-verified; full-CP0-CP4-not-asserted,模拟数据／方法展示；非原论文数据复现。,Project_001_生物科研绘图Skill/docs/assets/scidraw-gallery/06_volcano_gsea.png | Project_008_SciDraw六图复现/results/figures/06_volcano_gsea.png,biofigure/examples/scidraw-gallery/scripts/generate_six_scidraw.R
BF-0036,clinical,限制性立方样条,docs/assets/scidraw-gallery/scidraw_rcs.png,3667a0862c53429b18c9c3e82763c6a961c12c03a2bb13bc052ade16a881ea9e,simulated,False,gallery-file-verified; full-CP0-CP4-not-asserted,模拟数据／方法展示；非原论文数据复现。,Project_001_生物科研绘图Skill/docs/assets/scidraw-gallery/scidraw_rcs.png | Project_007_SciDraw复现训练/results/figures/scidraw_rcs.png,biofigure/examples/scidraw-gallery/scripts/scidraw_rcs_reproduction.R
BF-0037,distributions,双向山脊分布,docs/assets/scidraw-gallery/scidraw_ridge_bipolar.png,6effff9f899ea91f2d79be6ed0ba580e30e3be4c6fd6bc1f15c8e948af76797a,simulated,True,gallery-file-verified; full-CP0-CP4-not-asserted,双向山脊的历史版本；当前修订版见 BF-0072。,Project_001_生物科研绘图Skill/docs/assets/scidraw-gallery/scidraw_ridge_bipolar.png | Project_001_生物科研绘图Skill/work/benchmark-v2/ridge-run/results/figures/scidraw_ridge_bipolar.png | Project_007_SciDraw复现训练/results/figures/scidraw_ridge_bipolar.png,biofigure/examples/scidraw-gallery/scripts/scidraw_ridge_bipolar_reproduction.R
BF-0038,radar,多边形雷达图,docs/assets/scidraw-gallery-batch2/01_polygon_radar_fmsb.png,7bbe3a4fb96dad41575a5e1421374b5221267fc8c7ccc224b3bb959837f7ae71,simulated,False,gallery-file-verified; full-CP0-CP4-not-asserted,模拟数据／方法展示；非原论文数据复现。,Project_001_生物科研绘图Skill/docs/assets/scidraw-gallery-batch2/01_polygon_radar_fmsb.png | Project_016_SciDraw第二批20图/results/figures/01_polygon_radar_fmsb.png,biofigure/examples/scidraw-gallery/scripts/generate_batch20.R
BF-0039,radar,分面雷达图,docs/assets/scidraw-gallery-batch2/02_faceted_radar_fmsb.png,286f0b40417892ff7cda9928c07b0f1e36ce262ec88df503e69181e1a3a2c31a,simulated,False,gallery-file-verified; full-CP0-CP4-not-asserted,模拟数据／方法展示；非原论文数据复现。,Project_001_生物科研绘图Skill/docs/assets/scidraw-gallery-batch2/02_faceted_radar_fmsb.png | Project_016_SciDraw第二批20图/results/figures/02_faceted_radar_fmsb.png,biofigure/examples/scidraw-gallery/scripts/generate_batch20.R
BF-0040,radar,外圈标注雷达图,docs/assets/scidraw-gallery-batch2/03_circular_radar_outer_ggradar.png,04043134cef97995adfedef2104fb16fa11484682450a0fe6ef18251501cd0e4,simulated,False,gallery-file-verified; full-CP0-CP4-not-asserted,模拟数据／方法展示；非原论文数据复现。,Project_001_生物科研绘图Skill/docs/assets/scidraw-gallery-batch2/03_circular_radar_outer_ggradar.png | Project_016_SciDraw第二批20图/results/figures/03_circular_radar_outer_ggradar.png,biofigure/examples/scidraw-gallery/scripts/generate_batch20.R
BF-0041,radar,双组环形雷达图,docs/assets/scidraw-gallery-batch2/04_circular_radar_lmm.png,50db8542e496369c94bc4361fb161e00f0f62708f8adad165587ef853af76269,simulated,False,gallery-file-verified; full-CP0-CP4-not-asserted,模拟数据／方法展示；非原论文数据复现。,Project_001_生物科研绘图Skill/docs/assets/scidraw-gallery-batch2/04_circular_radar_lmm.png | Project_016_SciDraw第二批20图/results/figures/04_circular_radar_lmm.png,biofigure/examples/scidraw-gallery/scripts/generate_batch20.R
BF-0042,radar,差值环形雷达图,docs/assets/scidraw-gallery-batch2/05_circular_radar_difference.png,1cc50a64bc3e80978f5a4e270f0fc10afde2c2c7b95118c23d24b6f94cb72d69,simulated,False,gallery-file-verified; full-CP0-CP4-not-asserted,模拟数据／方法展示；非原论文数据复现。,Project_001_生物科研绘图Skill/docs/assets/scidraw-gallery-batch2/05_circular_radar_difference.png | Project_016_SciDraw第二批20图/results/figures/05_circular_radar_difference.png,biofigure/examples/scidraw-gallery/scripts/generate_batch20.R
BF-0043,distributions,半小提琴、箱线与原始点,docs/assets/scidraw-gallery-batch2/06_half_violin_box_points.png,60885fe762dfe0cd435ad63d14bb6601c3e3aa11065de9934e590b2153ed3842,simulated,False,gallery-file-verified; full-CP0-CP4-not-asserted,模拟数据／方法展示；非原论文数据复现。,Project_001_生物科研绘图Skill/docs/assets/scidraw-gallery-batch2/06_half_violin_box_points.png | Project_016_SciDraw第二批20图/results/figures/06_half_violin_box_points.png,biofigure/examples/scidraw-gallery/scripts/generate_batch20.R
BF-0044,distributions,小提琴、箱线与蜂群点,docs/assets/scidraw-gallery-batch2/07_violin_box_beeswarm.png,c2a5d620049c930ff59f4a049bcfb1bd3fe30191de25880dc5f6e0913b86376e,simulated,False,gallery-file-verified; full-CP0-CP4-not-asserted,模拟数据／方法展示；非原论文数据复现。,Project_001_生物科研绘图Skill/docs/assets/scidraw-gallery-batch2/07_violin_box_beeswarm.png | Project_016_SciDraw第二批20图/results/figures/07_violin_box_beeswarm.png,biofigure/examples/scidraw-gallery/scripts/generate_batch20.R
BF-0045,distributions,分位数云雨图,docs/assets/scidraw-gallery-batch2/08_quantile_raincloud_gghalves.png,1e4c346affd6de2b75594014f6dfc812b86ac4ec6e1c3d00d764906a77037504,simulated,False,gallery-file-verified; full-CP0-CP4-not-asserted,模拟数据／方法展示；非原论文数据复现。,Project_001_生物科研绘图Skill/docs/assets/scidraw-gallery-batch2/08_quantile_raincloud_gghalves.png | Project_016_SciDraw第二批20图/results/figures/08_quantile_raincloud_gghalves.png,biofigure/examples/scidraw-gallery/scripts/generate_batch20.R
BF-0046,distributions,分组云雨图,docs/assets/scidraw-gallery-batch2/09_grouped_raincloud_gghalves.png,fab8a0d718366d31d9802d000b813e87d1bdcb45bf51fb146fb635acc9cb4529,simulated,False,gallery-file-verified; full-CP0-CP4-not-asserted,模拟数据／方法展示；非原论文数据复现。,Project_001_生物科研绘图Skill/docs/assets/scidraw-gallery-batch2/09_grouped_raincloud_gghalves.png | Project_016_SciDraw第二批20图/results/figures/09_grouped_raincloud_gghalves.png,biofigure/examples/scidraw-gallery/scripts/generate_batch20.R
BF-0047,distributions,雨滴分布图,docs/assets/scidraw-gallery-batch2/10_raindrop_ggdist.png,8d59036e418bd5275e1bb48791755d48d93052b21c412cbff9bac4ba6366635c,simulated,False,gallery-file-verified; full-CP0-CP4-not-asserted,模拟数据／方法展示；非原论文数据复现。,Project_001_生物科研绘图Skill/docs/assets/scidraw-gallery-batch2/10_raindrop_ggdist.png | Project_016_SciDraw第二批20图/results/figures/10_raindrop_ggdist.png,biofigure/examples/scidraw-gallery/scripts/generate_batch20.R
BF-0048,correlations,拟合、边际分布与残差箱线,docs/assets/scidraw-gallery-batch2/11_fit_marginal_residual_box.png,fcf6246fb938d7bcd90d43c8d461edc0873415a0405055f675eb74d541cb92a7,simulated,False,gallery-file-verified; full-CP0-CP4-not-asserted,模拟数据／方法展示；非原论文数据复现。,Project_001_生物科研绘图Skill/docs/assets/scidraw-gallery-batch2/11_fit_marginal_residual_box.png | Project_016_SciDraw第二批20图/results/figures/11_fit_marginal_residual_box.png,biofigure/examples/scidraw-gallery/scripts/generate_batch20.R
BF-0049,correlations,相关矩阵与侧边注释,docs/assets/scidraw-gallery-batch2/12_corrplot_with_sidebars.png,e561e3c6baaf32800d60640d888c1c32ccf30b2e16f5f16044d9a49400575250,simulated,False,gallery-file-verified; full-CP0-CP4-not-asserted,模拟数据／方法展示；非原论文数据复现。,Project_001_生物科研绘图Skill/docs/assets/scidraw-gallery-batch2/12_corrplot_with_sidebars.png | Project_016_SciDraw第二批20图/results/figures/12_corrplot_with_sidebars.png,biofigure/examples/scidraw-gallery/scripts/generate_batch20.R
BF-0050,correlations,聚类上三角相关矩阵,docs/assets/scidraw-gallery-batch2/13_clustered_upper_triangle.png,0dd6da35eee254e1e67d295d865a8f433c18e9096e62178e4c20161b5d6827a8,simulated,False,gallery-file-verified; full-CP0-CP4-not-asserted,模拟数据／方法展示；非原论文数据复现。,Project_001_生物科研绘图Skill/docs/assets/scidraw-gallery-batch2/13_clustered_upper_triangle.png | Project_016_SciDraw第二批20图/results/figures/13_clustered_upper_triangle.png,biofigure/examples/scidraw-gallery/scripts/generate_batch20.R
BF-0051,heatmaps,细胞状态注释热图,docs/assets/scidraw-gallery-batch2/14_annotated_pheatmap.png,edb82b74aa15c54b99cc8140b024dd8bbad54347049ae0fa0478eedf8d18c989,simulated,False,gallery-file-verified; full-CP0-CP4-not-asserted,模拟数据／方法展示；非原论文数据复现。,Project_001_生物科研绘图Skill/docs/assets/scidraw-gallery-batch2/14_annotated_pheatmap.png | Project_016_SciDraw第二批20图/results/figures/14_annotated_pheatmap.png,biofigure/examples/scidraw-gallery/scripts/generate_batch20.R
BF-0052,correlations,分面相关气泡矩阵,docs/assets/scidraw-gallery-batch2/15_faceted_correlation_bubbles.png,80177fbbe0bd05a879c498d7f6398c8720fcb1584873ef5c289fc42ae0d6e3f7,simulated,False,gallery-file-verified; full-CP0-CP4-not-asserted,模拟数据／方法展示；非原论文数据复现。,Project_001_生物科研绘图Skill/docs/assets/scidraw-gallery-batch2/15_faceted_correlation_bubbles.png | Project_016_SciDraw第二批20图/results/figures/15_faceted_correlation_bubbles.png,biofigure/examples/scidraw-gallery/scripts/generate_batch20.R
BF-0053,correlations,分组相关气泡矩阵,docs/assets/scidraw-gallery-batch2/16_grouped_correlation_bubbles.png,9ba082ff76f8f911d9218bdadaaf42781d6853a6a7cbfac53f62ffdfaf716d51,simulated,False,gallery-file-verified; full-CP0-CP4-not-asserted,模拟数据／方法展示；非原论文数据复现。,Project_001_生物科研绘图Skill/docs/assets/scidraw-gallery-batch2/16_grouped_correlation_bubbles.png | Project_016_SciDraw第二批20图/results/figures/16_grouped_correlation_bubbles.png,biofigure/examples/scidraw-gallery/scripts/generate_batch20.R
BF-0054,correlations,成对回归矩阵,docs/assets/scidraw-gallery-batch2/17_ggally_regression_matrix.png,f74fa0fd41d7d55f72eb979d84e899c55e53b10a299fa6de2479dc0bb71def26,simulated,False,gallery-file-verified; full-CP0-CP4-not-asserted,模拟数据／方法展示；非原论文数据复现。,Project_001_生物科研绘图Skill/docs/assets/scidraw-gallery-batch2/17_ggally_regression_matrix.png | Project_016_SciDraw第二批20图/results/figures/17_ggally_regression_matrix.png,biofigure/examples/scidraw-gallery/scripts/generate_batch20.R
BF-0055,networks,相关网络与矩阵组合,docs/assets/scidraw-gallery-batch2/18_linket_correlation_network.png,f5c7b4709b9772552dac281fdb3553091f1c770bab6e29c339302ef04274fcac,simulated,False,gallery-file-verified; full-CP0-CP4-not-asserted,模拟数据／方法展示；非原论文数据复现。,Project_001_生物科研绘图Skill/docs/assets/scidraw-gallery-batch2/18_linket_correlation_network.png | Project_016_SciDraw第二批20图/results/figures/18_linket_correlation_network.png,biofigure/examples/scidraw-gallery/scripts/generate_batch20.R
BF-0056,correlations,密度相关矩阵：彩色版,docs/assets/scidraw-gallery-batch2/19_density_matrix_rainbow.png,e5fea8b3308fb7eed3dc286eb4bb8f8c5bd7112576fc8f63a6058cce7a719918,simulated,False,gallery-file-verified; full-CP0-CP4-not-asserted,模拟数据／方法展示；非原论文数据复现。,Project_001_生物科研绘图Skill/docs/assets/scidraw-gallery-batch2/19_density_matrix_rainbow.png | Project_016_SciDraw第二批20图/results/figures/19_density_matrix_rainbow.png,biofigure/examples/scidraw-gallery/scripts/generate_batch20.R
BF-0057,correlations,密度相关矩阵：红色版,docs/assets/scidraw-gallery-batch2/20_density_matrix_red.png,6139176b0a1db83bf7d157210e53657b2ee6e52ded65beae2602869bc98d071c,simulated,False,gallery-file-verified; full-CP0-CP4-not-asserted,模拟数据／方法展示；非原论文数据复现。,Project_001_生物科研绘图Skill/docs/assets/scidraw-gallery-batch2/20_density_matrix_red.png | Project_016_SciDraw第二批20图/results/figures/20_density_matrix_red.png,biofigure/examples/scidraw-gallery/scripts/generate_batch20.R
BF-0058,distributions,分组分布与原始观测点,docs/assets/archive-gallery/maintenance-examples/distribution.png,c7952f80a97cf45df40a76c6c09f06919866302b9e247175a9df5535309f58b5,simulated,False,gallery-file-verified; full-CP0-CP4-not-asserted,模拟数据／方法展示；非原论文数据复现。,Project_001_生物科研绘图Skill/maintenance/2026-09-08/distribution.png,biofigure/examples/archive-gallery/maintenance-examples/scripts/render_checks.R
BF-0059,embeddings,分组表达与检测比例气泡图,docs/assets/archive-gallery/maintenance-examples/dotplot.png,2dfbc5ca533b1802c1dbac0ce22159aae352b2fa01475f765ff45689f4979ba1,simulated,False,gallery-file-verified; full-CP0-CP4-not-asserted,模拟数据／方法展示；非原论文数据复现。,Project_001_生物科研绘图Skill/maintenance/2026-09-08/dotplot.png,biofigure/examples/archive-gallery/maintenance-examples/scripts/render_checks.R
BF-0060,heatmaps,模块化表达注释热图,docs/assets/archive-gallery/maintenance-examples/heatmap.png,43382670c99a83608866025e0684336be6a681cd5857449a508c7a9a74ab84d6,simulated,False,gallery-file-verified; full-CP0-CP4-not-asserted,模拟数据／方法展示；非原论文数据复现。,Project_001_生物科研绘图Skill/maintenance/2026-09-08/heatmap.png,biofigure/examples/archive-gallery/maintenance-examples/scripts/render_checks.R
BF-0061,heatmaps,基准：分组注释热图,docs/assets/archive-gallery/benchmark-six/annotated_heatmap.png,10c16ff858bea98232257174a89085b1eed110ad7d05c45d5a871e8e0cc67ddb,simulated,False,gallery-file-verified; full-CP0-CP4-not-asserted,模拟数据／方法展示；非原论文数据复现。,Project_001_生物科研绘图Skill/results/reproduction_benchmark/figures/annotated_heatmap.png,biofigure/examples/archive-gallery/benchmark-six/scripts/generate_natural_r_benchmarks.R
BF-0062,composition,基准：多条件环形组成,docs/assets/archive-gallery/benchmark-six/circular_composition.png,4d8970c5c38e0a4296b83d770d3ad859bd50eb70bf25f0b84306a98979c9874f,simulated,False,gallery-file-verified; full-CP0-CP4-not-asserted,模拟数据／方法展示；非原论文数据复现。,Project_001_生物科研绘图Skill/results/reproduction_benchmark/figures/circular_composition.png,biofigure/examples/archive-gallery/benchmark-six/scripts/generate_natural_r_benchmarks.R
BF-0063,networks,基准：富集关联网络,docs/assets/archive-gallery/benchmark-six/enrichment_network.png,7e5c38ef92fda3400321e7a08223fda0d4d8aa3210c7618f7c4b4013dae0b60b,simulated,False,gallery-file-verified; full-CP0-CP4-not-asserted,模拟数据／方法展示；非原论文数据复现。,Project_001_生物科研绘图Skill/results/reproduction_benchmark/figures/enrichment_network.png,biofigure/examples/archive-gallery/benchmark-six/scripts/generate_natural_r_benchmarks.R
BF-0064,clinical,基准：生存曲线,docs/assets/archive-gallery/benchmark-six/survival.png,11301e1f32c79a22092c1c232a8efebb463de333d168c9a922116609be2d6b8a,simulated,False,gallery-file-verified; full-CP0-CP4-not-asserted,模拟数据／方法展示；非原论文数据复现。,Project_001_生物科研绘图Skill/results/reproduction_benchmark/figures/survival.png,biofigure/examples/archive-gallery/benchmark-six/scripts/generate_natural_r_benchmarks.R
BF-0065,clinical,基准：治疗泳道,docs/assets/archive-gallery/benchmark-six/swimmer.png,be37449f0021975d0040767f695d02f739c09004ae1005fd73cbd2bf99b3550d,simulated,False,gallery-file-verified; full-CP0-CP4-not-asserted,模拟数据／方法展示；非原论文数据复现。,Project_001_生物科研绘图Skill/results/reproduction_benchmark/figures/swimmer.png,biofigure/examples/archive-gallery/benchmark-six/scripts/generate_natural_r_benchmarks.R
BF-0066,profiles,基准：个体轨迹与时序均值,docs/assets/archive-gallery/benchmark-six/time_series.png,e6df99352f9e1aee742fa8c77bf4257ac0c4c2fe959cf99f5a0960ee64314e6e,simulated,False,gallery-file-verified; full-CP0-CP4-not-asserted,模拟数据／方法展示；非原论文数据复现。,Project_001_生物科研绘图Skill/results/reproduction_benchmark/figures/time_series.png,biofigure/examples/archive-gallery/benchmark-six/scripts/generate_natural_r_benchmarks.R
BF-0067,profiles,分面荧光信号时序,docs/assets/archive-gallery/reference-transfer/time.png,aa339fae7396441f4ac38ceaf47dde0645eafe7f57117a1c88ec7c4779e6d703,simulated,False,gallery-file-verified; full-CP0-CP4-not-asserted,模拟数据／方法展示；非原论文数据复现。,Project_001_生物科研绘图Skill/work/benchmark-v2/random-next-three/results/figures/time.png | Project_001_生物科研绘图Skill/work/github-refresh/reproduction/results/figures/time.png,biofigure/examples/archive-gallery/reference-transfer/scripts/draw.R
BF-0068,bars,环形分组柱与误差线,docs/assets/archive-gallery/random-three/circular.png,303a403447b0576032020ccbee4158307ac2e9f1cb33dfa4ebaab07062ccde9c,simulated,False,gallery-file-verified; full-CP0-CP4-not-asserted,模拟数据／方法展示；非原论文数据复现。,Project_001_生物科研绘图Skill/work/benchmark-v2/random-three/results/figures/circular.png,biofigure/examples/archive-gallery/random-three/scripts/draw_three.R
BF-0069,distributions,多类别分组散点比较,docs/assets/archive-gallery/random-three/grouped.png,94b83fb2ddb9b181d83c6403e78b9434606a8973986816cddc02d174bd45fd79,simulated,False,gallery-file-verified; full-CP0-CP4-not-asserted,模拟数据／方法展示；非原论文数据复现。,Project_001_生物科研绘图Skill/work/benchmark-v2/random-three/results/figures/grouped.png,biofigure/examples/archive-gallery/random-three/scripts/draw_three.R
BF-0070,differential,双条件 log2FC 比较,docs/assets/archive-gallery/random-three/logfc.png,119461cd0ae270c9d68c33aaf2febe30c413838d0020d55f2d6cbe3100b59f92,simulated,False,gallery-file-verified; full-CP0-CP4-not-asserted,模拟数据／方法展示；非原论文数据复现。,Project_001_生物科研绘图Skill/work/benchmark-v2/random-three/results/figures/logfc.png,biofigure/examples/archive-gallery/random-three/scripts/draw_three.R
BF-0071,distributions,双向山脊：中间修订版,docs/assets/archive-gallery/ridge-repaired/scidraw_ridge_bipolar.png,6913f677dc83153871528d3abfd54205a96292a1998fe83b15c06b506a468959,simulated,True,gallery-file-verified; full-CP0-CP4-not-asserted,双向山脊的历史版本；当前修订版见 BF-0072。,Project_001_生物科研绘图Skill/work/benchmark-v2/ridge-repaired/results/figures/scidraw_ridge_bipolar.png,biofigure/examples/archive-gallery/ridge-repaired/scripts/render.R
BF-0072,distributions,双向山脊：第二次修订版,docs/assets/archive-gallery/ridge-repaired-v2/scidraw_ridge_bipolar.png,345cc86aef87bcdbdec75b2acd201c0b9b3f5b1a5698eb46ec899dd65d517cb0,simulated,False,gallery-file-verified; full-CP0-CP4-not-asserted,模拟数据／方法展示；非原论文数据复现。,Project_001_生物科研绘图Skill/work/benchmark-v2/ridge-repaired-v2/results/figures/scidraw_ridge_bipolar.png,biofigure/examples/archive-gallery/ridge-repaired-v2/scripts/render.R
BF-0073,embeddings,NMDS 与边缘箱线图,docs/assets/archive-gallery/scidraw-001-065/01_nmds_marginal_box.png,62cc481c3248dace9e5df28a1eb5058ebf7fbd19a9de662d5dbe3e80d138c15c,simulated,False,gallery-file-verified; full-CP0-CP4-not-asserted,模拟数据／方法展示；非原论文数据复现。,Project_001_生物科研绘图Skill/work/benchmark-v2/scidraw-next20/results/figures/01_nmds_marginal_box.png,biofigure/examples/archive-gallery/scidraw-001-065/scripts/render_batch.R | biofigure/examples/archive-gallery/scidraw-001-065/scripts/render_cases_10_14.R | biofigure/examples/archive-gallery/scidraw-001-065/scripts/render_cases_16_18.R | biofigure/examples/archive-gallery/scidraw-001-065/scripts/render_cases_19_20.R | biofigure/examples/archive-gallery/scidraw-001-065/scripts/render_cases_21_25.R | biofigure/examples/archive-gallery/scidraw-001-065/scripts/render_cases_26_35.R | biofigure/examples/archive-gallery/scidraw-001-065/scripts/render_cases_36_45.R | biofigure/examples/archive-gallery/scidraw-001-065/scripts/render_cases_46_55.R | biofigure/examples/archive-gallery/scidraw-001-065/scripts/render_cases_56_65.R
BF-0074,embeddings,小提琴与双 NMDS 组合,docs/assets/archive-gallery/scidraw-001-065/02_violin_nmds.png,899f11d9f9b0954dc0a37e9cdd1f8988d13ff8a21914d293b98b7477d30e13c4,simulated,False,gallery-file-verified; full-CP0-CP4-not-asserted,模拟数据／方法展示；非原论文数据复现。,Project_001_生物科研绘图Skill/work/benchmark-v2/scidraw-next20/results/figures/02_violin_nmds.png,biofigure/examples/archive-gallery/scidraw-001-065/scripts/render_batch.R | biofigure/examples/archive-gallery/scidraw-001-065/scripts/render_cases_10_14.R | biofigure/examples/archive-gallery/scidraw-001-065/scripts/render_cases_16_18.R | biofigure/examples/archive-gallery/scidraw-001-065/scripts/render_cases_19_20.R | biofigure/examples/archive-gallery/scidraw-001-065/scripts/render_cases_21_25.R | biofigure/examples/archive-gallery/scidraw-001-065/scripts/render_cases_26_35.R | biofigure/examples/archive-gallery/scidraw-001-065/scripts/render_cases_36_45.R | biofigure/examples/archive-gallery/scidraw-001-065/scripts/render_cases_46_55.R | biofigure/examples/archive-gallery/scidraw-001-065/scripts/render_cases_56_65.R
BF-0075,clinical,免疫指标森林图,docs/assets/archive-gallery/scidraw-001-065/03_immune_forest.png,abb9ff6559f77deeedc0236e96a2bfcacf5d4e95115e6d9d9faaff166129e815,simulated,False,gallery-file-verified; full-CP0-CP4-not-asserted,模拟数据／方法展示；非原论文数据复现。,Project_001_生物科研绘图Skill/work/benchmark-v2/scidraw-next20/results/figures/03_immune_forest.png,biofigure/examples/archive-gallery/scidraw-001-065/scripts/render_batch.R | biofigure/examples/archive-gallery/scidraw-001-065/scripts/render_cases_10_14.R | biofigure/examples/archive-gallery/scidraw-001-065/scripts/render_cases_16_18.R | biofigure/examples/archive-gallery/scidraw-001-065/scripts/render_cases_19_20.R | biofigure/examples/archive-gallery/scidraw-001-065/scripts/render_cases_21_25.R | biofigure/examples/archive-gallery/scidraw-001-065/scripts/render_cases_26_35.R | biofigure/examples/archive-gallery/scidraw-001-065/scripts/render_cases_36_45.R | biofigure/examples/archive-gallery/scidraw-001-065/scripts/render_cases_46_55.R | biofigure/examples/archive-gallery/scidraw-001-065/scripts/render_cases_56_65.R
BF-0076,clinical,双列 HR 森林图,docs/assets/archive-gallery/scidraw-001-065/04_dual_hr_forest.png,e9de8c94d1a7fd5cfb37fe551df42b2bafa89a05d74f4c14d04cd46c7cace03f,simulated,False,gallery-file-verified; full-CP0-CP4-not-asserted,模拟数据／方法展示；非原论文数据复现。,Project_001_生物科研绘图Skill/work/benchmark-v2/scidraw-next20/results/figures/04_dual_hr_forest.png,biofigure/examples/archive-gallery/scidraw-001-065/scripts/render_batch.R | biofigure/examples/archive-gallery/scidraw-001-065/scripts/render_cases_10_14.R | biofigure/examples/archive-gallery/scidraw-001-065/scripts/render_cases_16_18.R | biofigure/examples/archive-gallery/scidraw-001-065/scripts/render_cases_19_20.R | biofigure/examples/archive-gallery/scidraw-001-065/scripts/render_cases_21_25.R | biofigure/examples/archive-gallery/scidraw-001-065/scripts/render_cases_26_35.R | biofigure/examples/archive-gallery/scidraw-001-065/scripts/render_cases_36_45.R | biofigure/examples/archive-gallery/scidraw-001-065/scripts/render_cases_46_55.R | biofigure/examples/archive-gallery/scidraw-001-065/scripts/render_cases_56_65.R
BF-0077,clinical,治疗事件泳道图,docs/assets/archive-gallery/scidraw-001-065/05_swimmer.png,163d3d8eefe8b3fa1da809277f3d54afdd4eacc0379e8eb639be7235a9f02380,simulated,False,gallery-file-verified; full-CP0-CP4-not-asserted,模拟数据／方法展示；非原论文数据复现。,Project_001_生物科研绘图Skill/work/benchmark-v2/scidraw-next20/results/figures/05_swimmer.png,biofigure/examples/archive-gallery/scidraw-001-065/scripts/render_batch.R | biofigure/examples/archive-gallery/scidraw-001-065/scripts/render_cases_10_14.R | biofigure/examples/archive-gallery/scidraw-001-065/scripts/render_cases_16_18.R | biofigure/examples/archive-gallery/scidraw-001-065/scripts/render_cases_19_20.R | biofigure/examples/archive-gallery/scidraw-001-065/scripts/render_cases_21_25.R | biofigure/examples/archive-gallery/scidraw-001-065/scripts/render_cases_26_35.R | biofigure/examples/archive-gallery/scidraw-001-065/scripts/render_cases_36_45.R | biofigure/examples/archive-gallery/scidraw-001-065/scripts/render_cases_46_55.R | biofigure/examples/archive-gallery/scidraw-001-065/scripts/render_cases_56_65.R
BF-0078,heatmaps,数值表与热图组合,docs/assets/archive-gallery/scidraw-001-065/06_table_heatmap.png,1eb078ae48584c456d5cbea8c8fc4070a4255674bee0069286043e1479152523,simulated,False,gallery-file-verified; full-CP0-CP4-not-asserted,模拟数据／方法展示；非原论文数据复现。,Project_001_生物科研绘图Skill/work/benchmark-v2/scidraw-next20/results/figures/06_table_heatmap.png,biofigure/examples/archive-gallery/scidraw-001-065/scripts/render_batch.R | biofigure/examples/archive-gallery/scidraw-001-065/scripts/render_cases_10_14.R | biofigure/examples/archive-gallery/scidraw-001-065/scripts/render_cases_16_18.R | biofigure/examples/archive-gallery/scidraw-001-065/scripts/render_cases_19_20.R | biofigure/examples/archive-gallery/scidraw-001-065/scripts/render_cases_21_25.R | biofigure/examples/archive-gallery/scidraw-001-065/scripts/render_cases_26_35.R | biofigure/examples/archive-gallery/scidraw-001-065/scripts/render_cases_36_45.R | biofigure/examples/archive-gallery/scidraw-001-065/scripts/render_cases_46_55.R | biofigure/examples/archive-gallery/scidraw-001-065/scripts/render_cases_56_65.R
BF-0079,differential,火山图与上下调富集条形图,docs/assets/archive-gallery/scidraw-001-065/07_volcano_enrichment_1.png,c48e2cefe2445b2d9513d14f2dff680aee510932ad671ebcbce812fe379abaa9,simulated,False,gallery-file-verified; full-CP0-CP4-not-asserted,模拟数据／方法展示；非原论文数据复现。,Project_001_生物科研绘图Skill/work/benchmark-v2/scidraw-next20/results/figures/07_volcano_enrichment_1.png,biofigure/examples/archive-gallery/scidraw-001-065/scripts/render_batch.R | biofigure/examples/archive-gallery/scidraw-001-065/scripts/render_cases_10_14.R | biofigure/examples/archive-gallery/scidraw-001-065/scripts/render_cases_16_18.R | biofigure/examples/archive-gallery/scidraw-001-065/scripts/render_cases_19_20.R | biofigure/examples/archive-gallery/scidraw-001-065/scripts/render_cases_21_25.R | biofigure/examples/archive-gallery/scidraw-001-065/scripts/render_cases_26_35.R | biofigure/examples/archive-gallery/scidraw-001-065/scripts/render_cases_36_45.R | biofigure/examples/archive-gallery/scidraw-001-065/scripts/render_cases_46_55.R | biofigure/examples/archive-gallery/scidraw-001-065/scripts/render_cases_56_65.R
BF-0080,differential,双侧富集与差异表达组合,docs/assets/archive-gallery/scidraw-001-065/08_volcano_enrichment_2.png,854a230720701b31f7f7a5046da2f523253e01358a0be926651f4ab546a1de40,simulated,False,gallery-file-verified; full-CP0-CP4-not-asserted,模拟数据／方法展示；非原论文数据复现。,Project_001_生物科研绘图Skill/work/benchmark-v2/scidraw-next20/results/figures/08_volcano_enrichment_2.png,biofigure/examples/archive-gallery/scidraw-001-065/scripts/render_batch.R | biofigure/examples/archive-gallery/scidraw-001-065/scripts/render_cases_10_14.R | biofigure/examples/archive-gallery/scidraw-001-065/scripts/render_cases_16_18.R | biofigure/examples/archive-gallery/scidraw-001-065/scripts/render_cases_19_20.R | biofigure/examples/archive-gallery/scidraw-001-065/scripts/render_cases_21_25.R | biofigure/examples/archive-gallery/scidraw-001-065/scripts/render_cases_26_35.R | biofigure/examples/archive-gallery/scidraw-001-065/scripts/render_cases_36_45.R | biofigure/examples/archive-gallery/scidraw-001-065/scripts/render_cases_46_55.R | biofigure/examples/archive-gallery/scidraw-001-065/scripts/render_cases_56_65.R
BF-0081,differential,火山图与富集网络,docs/assets/archive-gallery/scidraw-001-065/09_volcano_enrichment_network.png,65cbb58c131d28d6c07d042c25d11475517e28dd22fd3e543111ce65c8844187,simulated,False,gallery-file-verified; full-CP0-CP4-not-asserted,模拟数据／方法展示；非原论文数据复现。,Project_001_生物科研绘图Skill/work/benchmark-v2/scidraw-next20/results/figures/09_volcano_enrichment_network.png,biofigure/examples/archive-gallery/scidraw-001-065/scripts/render_batch.R | biofigure/examples/archive-gallery/scidraw-001-065/scripts/render_cases_10_14.R | biofigure/examples/archive-gallery/scidraw-001-065/scripts/render_cases_16_18.R | biofigure/examples/archive-gallery/scidraw-001-065/scripts/render_cases_19_20.R | biofigure/examples/archive-gallery/scidraw-001-065/scripts/render_cases_21_25.R | biofigure/examples/archive-gallery/scidraw-001-065/scripts/render_cases_26_35.R | biofigure/examples/archive-gallery/scidraw-001-065/scripts/render_cases_36_45.R | biofigure/examples/archive-gallery/scidraw-001-065/scripts/render_cases_46_55.R | biofigure/examples/archive-gallery/scidraw-001-065/scripts/render_cases_56_65.R
BF-0082,heatmaps,环形热图与 UpSet,docs/assets/archive-gallery/scidraw-001-065/10_circular_heatmap_upset.png,b7740964b1b57fd18aa77ee2e11bf4fb4a321e7d1bae02b147e949014e1462bf,simulated,False,gallery-file-verified; full-CP0-CP4-not-asserted,模拟数据／方法展示；非原论文数据复现。,Project_001_生物科研绘图Skill/work/benchmark-v2/scidraw-next20/results/figures/10_circular_heatmap_upset.png,biofigure/examples/archive-gallery/scidraw-001-065/scripts/render_batch.R | biofigure/examples/archive-gallery/scidraw-001-065/scripts/render_cases_10_14.R | biofigure/examples/archive-gallery/scidraw-001-065/scripts/render_cases_16_18.R | biofigure/examples/archive-gallery/scidraw-001-065/scripts/render_cases_19_20.R | biofigure/examples/archive-gallery/scidraw-001-065/scripts/render_cases_21_25.R | biofigure/examples/archive-gallery/scidraw-001-065/scripts/render_cases_26_35.R | biofigure/examples/archive-gallery/scidraw-001-065/scripts/render_cases_36_45.R | biofigure/examples/archive-gallery/scidraw-001-065/scripts/render_cases_46_55.R | biofigure/examples/archive-gallery/scidraw-001-065/scripts/render_cases_56_65.R
BF-0083,heatmaps,环形热图与集合交叠,docs/assets/archive-gallery/scidraw-001-065/11_circular_heatmap_venn.png,341874ebf41fe14f10a605e7f755736f43505a83cc0d9f33864cbe3803ae88b1,simulated,False,gallery-file-verified; full-CP0-CP4-not-asserted,模拟数据／方法展示；非原论文数据复现。,Project_001_生物科研绘图Skill/work/benchmark-v2/scidraw-next20/results/figures/11_circular_heatmap_venn.png,biofigure/examples/archive-gallery/scidraw-001-065/scripts/render_batch.R | biofigure/examples/archive-gallery/scidraw-001-065/scripts/render_cases_10_14.R | biofigure/examples/archive-gallery/scidraw-001-065/scripts/render_cases_16_18.R | biofigure/examples/archive-gallery/scidraw-001-065/scripts/render_cases_19_20.R | biofigure/examples/archive-gallery/scidraw-001-065/scripts/render_cases_21_25.R | biofigure/examples/archive-gallery/scidraw-001-065/scripts/render_cases_26_35.R | biofigure/examples/archive-gallery/scidraw-001-065/scripts/render_cases_36_45.R | biofigure/examples/archive-gallery/scidraw-001-065/scripts/render_cases_46_55.R | biofigure/examples/archive-gallery/scidraw-001-065/scripts/render_cases_56_65.R
BF-0084,distributions,半圆小提琴图,docs/assets/archive-gallery/scidraw-001-065/12_semicircle_violin.png,6aa585eaf69dbb1c3822bf05e281130f426d6e40cb591117c6b391ba1b0bd975,simulated,False,gallery-file-verified; full-CP0-CP4-not-asserted,模拟数据／方法展示；非原论文数据复现。,Project_001_生物科研绘图Skill/work/benchmark-v2/scidraw-next20/results/figures/12_semicircle_violin.png,biofigure/examples/archive-gallery/scidraw-001-065/scripts/render_cases_10_14.R
BF-0085,distributions,扇形箱线图,docs/assets/archive-gallery/scidraw-001-065/13_fan_boxplot.png,f384480cbb1ff0c14a51f2c3b3279a962ab4d7caf70c043ae2bd9a5811c15230,simulated,False,gallery-file-verified; full-CP0-CP4-not-asserted,模拟数据／方法展示；非原论文数据复现。,Project_001_生物科研绘图Skill/work/benchmark-v2/scidraw-next20/results/figures/13_fan_boxplot.png,biofigure/examples/archive-gallery/scidraw-001-065/scripts/render_cases_10_14.R
BF-0086,profiles,环形分组曲线,docs/assets/archive-gallery/scidraw-001-065/14_circular_grouped_profiles.png,945c6f9b669fd868973207e902b1a4f829959ca80e6d5f8fde186d2a96ff70e5,simulated,False,gallery-file-verified; full-CP0-CP4-not-asserted,模拟数据／方法展示；非原论文数据复现。,Project_001_生物科研绘图Skill/work/benchmark-v2/scidraw-next20/results/figures/14_circular_grouped_profiles.png,biofigure/examples/archive-gallery/scidraw-001-065/scripts/render_cases_10_14.R
BF-0087,profiles,环形轨迹：早期版本,docs/assets/archive-gallery/scidraw-001-065/14_circular_trajectory.png,567e5ea3873f306cc70077851e17626478ee1e4ff45e06225e699acd504f562b,simulated,True,gallery-file-verified; full-CP0-CP4-not-asserted,早期环形轨迹；对应分组曲线修订版见 BF-0086。,Project_001_生物科研绘图Skill/work/benchmark-v2/scidraw-next20/results/figures/14_circular_trajectory.png,biofigure/examples/archive-gallery/scidraw-001-065/scripts/render_batch.R | biofigure/examples/archive-gallery/scidraw-001-065/scripts/render_cases_10_14.R | biofigure/examples/archive-gallery/scidraw-001-065/scripts/render_cases_16_18.R | biofigure/examples/archive-gallery/scidraw-001-065/scripts/render_cases_19_20.R | biofigure/examples/archive-gallery/scidraw-001-065/scripts/render_cases_21_25.R | biofigure/examples/archive-gallery/scidraw-001-065/scripts/render_cases_26_35.R | biofigure/examples/archive-gallery/scidraw-001-065/scripts/render_cases_36_45.R | biofigure/examples/archive-gallery/scidraw-001-065/scripts/render_cases_46_55.R | biofigure/examples/archive-gallery/scidraw-001-065/scripts/render_cases_56_65.R
BF-0088,bars,嵌套分组柱状图,docs/assets/archive-gallery/scidraw-001-065/15_nested_bar.png,775f1710b34cf3a1be715c7a0e9c14ec4cf6b99d70571ce3f4d92c4ad57945e6,simulated,False,gallery-file-verified; full-CP0-CP4-not-asserted,模拟数据／方法展示；非原论文数据复现。,Project_001_生物科研绘图Skill/work/benchmark-v2/scidraw-next20/results/figures/15_nested_bar.png,biofigure/examples/archive-gallery/scidraw-001-065/scripts/render_batch.R | biofigure/examples/archive-gallery/scidraw-001-065/scripts/render_cases_10_14.R | biofigure/examples/archive-gallery/scidraw-001-065/scripts/render_cases_16_18.R | biofigure/examples/archive-gallery/scidraw-001-065/scripts/render_cases_19_20.R | biofigure/examples/archive-gallery/scidraw-001-065/scripts/render_cases_21_25.R | biofigure/examples/archive-gallery/scidraw-001-065/scripts/render_cases_26_35.R | biofigure/examples/archive-gallery/scidraw-001-065/scripts/render_cases_36_45.R | biofigure/examples/archive-gallery/scidraw-001-065/scripts/render_cases_46_55.R | biofigure/examples/archive-gallery/scidraw-001-065/scripts/render_cases_56_65.R
BF-0089,networks,径向网络与外圈柱图,docs/assets/archive-gallery/scidraw-001-065/16_network_circular_bar.png,b5ce2a32088bd5aebfc8aff67fb0adc00ff37710a901f45a4442b89665194ace,simulated,False,needs-revision; full-CP0-CP4-not-passed,模拟数据／方法展示；非原论文数据复现。,Project_001_生物科研绘图Skill/work/benchmark-v2/scidraw-next20/results/figures/16_network_circular_bar.png,biofigure/examples/archive-gallery/scidraw-001-065/scripts/render_cases_16_18.R
BF-0090,networks,径向网络与外圈气泡,docs/assets/archive-gallery/scidraw-001-065/17_network_circular_bubble.png,1f5740b8989f708c1abbad2fc00dd973aa51707b98c0f231854d6abb759a52d8,simulated,False,needs-revision; full-CP0-CP4-not-passed,模拟数据／方法展示；非原论文数据复现。,Project_001_生物科研绘图Skill/work/benchmark-v2/scidraw-next20/results/figures/17_network_circular_bubble.png,biofigure/examples/archive-gallery/scidraw-001-065/scripts/render_cases_16_18.R
BF-0091,networks,环形棒棒糖与关联连线,docs/assets/archive-gallery/scidraw-001-065/18_circular_lollipop_links.png,06758ddb3544920d53f6bb9e4fa13233375624ec2c0060c5ca583911e0741720,simulated,False,needs-revision; full-CP0-CP4-not-passed,模拟数据／方法展示；非原论文数据复现。,Project_001_生物科研绘图Skill/work/benchmark-v2/scidraw-next20/results/figures/18_circular_lollipop_links.png,biofigure/examples/archive-gallery/scidraw-001-065/scripts/render_batch.R | biofigure/examples/archive-gallery/scidraw-001-065/scripts/render_cases_16_18.R
BF-0092,genomes,系统树与三层热图,docs/assets/archive-gallery/scidraw-001-065/19_phylogeny_three_heatmaps.png,d6291f0c2353aca4744cf31ba93bf0b3d154b8ee06064dc3c6f98d8a07e2d6d7,simulated,False,needs-revision; full-CP0-CP4-not-passed,模拟数据／方法展示；非原论文数据复现。,Project_001_生物科研绘图Skill/work/benchmark-v2/scidraw-next20/results/figures/19_phylogeny_three_heatmaps.png,biofigure/examples/archive-gallery/scidraw-001-065/scripts/render_cases_19_20.R
BF-0093,genomes,系统树、热图与柱形轨道,docs/assets/archive-gallery/scidraw-001-065/20_phylogeny_heatmap_bar.png,878555737224c416fdd2d718c1fa1a30ed99d354f9ccbbf1c420d22f535b53ac,simulated,False,needs-revision; full-CP0-CP4-not-passed,模拟数据／方法展示；非原论文数据复现。,Project_001_生物科研绘图Skill/work/benchmark-v2/scidraw-next20/results/figures/20_phylogeny_heatmap_bar.png,biofigure/examples/archive-gallery/scidraw-001-065/scripts/render_cases_19_20.R
BF-0094,heatmaps,双矩阵分面热图,docs/assets/archive-gallery/scidraw-001-065/21_faceted_dual_heatmap.png,ee0bd3b2d6675709667e44b91e306b8dd04a0b27b10f7e8bd9ce66122c736b36,simulated,False,needs-revision; full-CP0-CP4-not-passed,模拟数据／方法展示；非原论文数据复现。,Project_001_生物科研绘图Skill/work/benchmark-v2/scidraw-next20/results/figures/21_faceted_dual_heatmap.png,biofigure/examples/archive-gallery/scidraw-001-065/scripts/render_cases_21_25.R
BF-0095,differential,双曲阈值火山图,docs/assets/archive-gallery/scidraw-001-065/22_hyperbolic_volcano.png,3e3e04b2a607db69ffa0f10b6dd111b935d9853b2d10787313967db4fc02e34c,simulated,False,needs-revision; full-CP0-CP4-not-passed,模拟数据／方法展示；非原论文数据复现。,Project_001_生物科研绘图Skill/work/benchmark-v2/scidraw-next20/results/figures/22_hyperbolic_volcano.png,biofigure/examples/archive-gallery/scidraw-001-065/scripts/render_cases_21_25.R
BF-0096,differential,RNA 与翻译变化象限图,docs/assets/archive-gallery/scidraw-001-065/23_rna_translation_quadrants.png,16a5430a942c79cb130909527d965273b1dc85c6981354ce7ba6171ea45defd4,simulated,False,needs-revision; full-CP0-CP4-not-passed,模拟数据／方法展示；非原论文数据复现。,Project_001_生物科研绘图Skill/work/benchmark-v2/scidraw-next20/results/figures/23_rna_translation_quadrants.png,biofigure/examples/archive-gallery/scidraw-001-065/scripts/render_cases_21_25.R
BF-0097,distributions,细胞丰度蜂群图,docs/assets/archive-gallery/scidraw-001-065/24_cell_abundance_beeswarm.png,e7aa70c67e544074a9a2dc0273c440cf47ac457d32529aea9af2d208527be2ae,simulated,False,needs-revision; full-CP0-CP4-not-passed,模拟数据／方法展示；非原论文数据复现。,Project_001_生物科研绘图Skill/work/benchmark-v2/scidraw-next20/results/figures/24_cell_abundance_beeswarm.png,biofigure/examples/archive-gallery/scidraw-001-065/scripts/render_cases_21_25.R
BF-0098,differential,OTU 气泡曼哈顿图,docs/assets/archive-gallery/scidraw-001-065/25_otu_bubble_manhattan.png,36677c0565590460cc282d7c219d458362d666e04573ec54128f5dca33b14dd9,simulated,False,needs-revision; full-CP0-CP4-not-passed,模拟数据／方法展示；非原论文数据复现。,Project_001_生物科研绘图Skill/work/benchmark-v2/scidraw-next20/results/figures/25_otu_bubble_manhattan.png,biofigure/examples/archive-gallery/scidraw-001-065/scripts/render_cases_21_25.R
BF-0099,composition,分面散点饼图,docs/assets/archive-gallery/scidraw-001-065/26_faceted_scatterpie.png,24f96cb38fa7468e11bdf1e1f721f039f0680d8176c22ffb1716c46ada58d9e6,simulated,False,needs-revision; full-CP0-CP4-not-passed,模拟数据／方法展示；非原论文数据复现。,Project_001_生物科研绘图Skill/work/benchmark-v2/scidraw-next20/results/figures/26_faceted_scatterpie.png,biofigure/examples/archive-gallery/scidraw-001-065/scripts/render_cases_26_35.R
BF-0100,distributions,参数恢复分布矩阵,docs/assets/archive-gallery/scidraw-001-065/27_parameter_recovery_matrix.png,987c9161ac40c0ce06896d6907002bff521075893e0bf32af59301b9ffbb5e7d,simulated,False,needs-revision; full-CP0-CP4-not-passed,模拟数据／方法展示；非原论文数据复现。,Project_001_生物科研绘图Skill/work/benchmark-v2/scidraw-next20/results/figures/27_parameter_recovery_matrix.png,biofigure/examples/archive-gallery/scidraw-001-065/scripts/render_cases_26_35.R
BF-0101,correlations,双效应量散点图,docs/assets/archive-gallery/scidraw-001-065/28_dual_effect_scatter.png,79ec46f69745ed9c9bf7f2a4c08a19f31bbe1e048f149090aa2001cb7ec284a0,simulated,False,needs-revision; full-CP0-CP4-not-passed,模拟数据／方法展示；非原论文数据复现。,Project_001_生物科研绘图Skill/work/benchmark-v2/scidraw-next20/results/figures/28_dual_effect_scatter.png,biofigure/examples/archive-gallery/scidraw-001-065/scripts/render_cases_26_35.R
BF-0102,differential,方向与显著性四象限图,docs/assets/archive-gallery/scidraw-001-065/29_significance_quadrants.png,f554e97f7e2a11bd9a3bea3cdce986b39fabeecd9002ccfb215a7d7d8bbf2d58,simulated,False,needs-revision; full-CP0-CP4-not-passed,模拟数据／方法展示；非原论文数据复现。,Project_001_生物科研绘图Skill/work/benchmark-v2/scidraw-next20/results/figures/29_significance_quadrants.png,biofigure/examples/archive-gallery/scidraw-001-065/scripts/render_cases_26_35.R
BF-0103,distributions,分面细胞效应蜂群图,docs/assets/archive-gallery/scidraw-001-065/30_faceted_cell_beeswarm.png,603ea9f9363aafa65105df4da469e906a2de179d03aa5195c19055ce53b94714,simulated,False,needs-revision; full-CP0-CP4-not-passed,模拟数据／方法展示；非原论文数据复现。,Project_001_生物科研绘图Skill/work/benchmark-v2/scidraw-next20/results/figures/30_faceted_cell_beeswarm.png,biofigure/examples/archive-gallery/scidraw-001-065/scripts/render_cases_26_35.R
BF-0104,differential,纵向火山气泡图,docs/assets/archive-gallery/scidraw-001-065/31_vertical_volcano.png,1123137e785eabd970f86a6740e6314834860d23c7dd5cfd196d49d225c17d17,simulated,False,needs-revision; full-CP0-CP4-not-passed,模拟数据／方法展示；非原论文数据复现。,Project_001_生物科研绘图Skill/work/benchmark-v2/scidraw-next20/results/figures/31_vertical_volcano.png,biofigure/examples/archive-gallery/scidraw-001-065/scripts/render_cases_26_35.R
BF-0105,heatmaps,对称双组热图,docs/assets/archive-gallery/scidraw-001-065/32_symmetric_dual_heatmap.png,5c93e7ea5170edab2d13767e5cdde881839e1fb5401c40f14774922d123d5110,simulated,False,needs-revision; full-CP0-CP4-not-passed,模拟数据／方法展示；非原论文数据复现。,Project_001_生物科研绘图Skill/work/benchmark-v2/scidraw-next20/results/figures/32_symmetric_dual_heatmap.png,biofigure/examples/archive-gallery/scidraw-001-065/scripts/render_cases_26_35.R
BF-0106,distributions,分面配对箱线图,docs/assets/archive-gallery/scidraw-001-065/33_faceted_paired_boxplot.png,0602782b79f211b00956456fbedd39cf3611a71d8a575ab926ca824c9f92d758,simulated,False,needs-revision; full-CP0-CP4-not-passed,模拟数据／方法展示；非原论文数据复现。,Project_001_生物科研绘图Skill/work/benchmark-v2/scidraw-next20/results/figures/33_faceted_paired_boxplot.png,biofigure/examples/archive-gallery/scidraw-001-065/scripts/render_cases_26_35.R
BF-0107,heatmaps,带空白分隔行的气泡热图,docs/assets/archive-gallery/scidraw-001-065/34_bubble_heatmap_blank_rows.png,407418cf85c53786b31bca05bee0069de731a459af3e383a96df66380e66ef95,simulated,False,needs-revision; full-CP0-CP4-not-passed,模拟数据／方法展示；非原论文数据复现。,Project_001_生物科研绘图Skill/work/benchmark-v2/scidraw-next20/results/figures/34_bubble_heatmap_blank_rows.png,biofigure/examples/archive-gallery/scidraw-001-065/scripts/render_cases_26_35.R
BF-0108,heatmaps,分面显著性热图,docs/assets/archive-gallery/scidraw-001-065/35_faceted_significance_heatmap.png,b94ed2fb216d6a0d524fa0e97138cf0ade78d1cfbdcdc1ccc01acfeb7a658dd9,simulated,False,needs-revision; full-CP0-CP4-not-passed,模拟数据／方法展示；非原论文数据复现。,Project_001_生物科研绘图Skill/work/benchmark-v2/scidraw-next20/results/figures/35_faceted_significance_heatmap.png,biofigure/examples/archive-gallery/scidraw-001-065/scripts/render_cases_26_35.R
BF-0109,composition,渐变桑基图,docs/assets/archive-gallery/scidraw-001-065/36_gradient_sankey.png,1272eba2042b59049a645b89e980617073c990d99854f5e910aaf718a98d4e82,simulated,False,needs-revision; full-CP0-CP4-not-passed,模拟数据／方法展示；非原论文数据复现。,Project_001_生物科研绘图Skill/work/benchmark-v2/scidraw-next20/results/figures/36_gradient_sankey.png,biofigure/examples/archive-gallery/scidraw-001-065/scripts/render_cases_36_45.R
BF-0110,heatmaps,显著性符号与空行注释热图,docs/assets/archive-gallery/scidraw-001-065/37_heatmap_significance_blankrow.png,9910641fa18e499f5d665561a606a7b86919c0fb43a070ed0a18184451fc6bbc,simulated,False,needs-revision; full-CP0-CP4-not-passed,模拟数据／方法展示；非原论文数据复现。,Project_001_生物科研绘图Skill/work/benchmark-v2/scidraw-next20/results/figures/37_heatmap_significance_blankrow.png,biofigure/examples/archive-gallery/scidraw-001-065/scripts/render_cases_36_45.R
BF-0111,differential,多组织火山图,docs/assets/archive-gallery/scidraw-001-065/38_multi_tissue_volcano.png,f5df8b6ea05a6593a96f29f92fa0f025de28bd6e1166cf3d0eec3700632a729c,simulated,False,needs-revision; full-CP0-CP4-not-passed,模拟数据／方法展示；非原论文数据复现。,Project_001_生物科研绘图Skill/work/benchmark-v2/scidraw-next20/results/figures/38_multi_tissue_volcano.png,biofigure/examples/archive-gallery/scidraw-001-065/scripts/render_cases_36_45.R
BF-0112,differential,多细胞群火山图,docs/assets/archive-gallery/scidraw-001-065/39_multi_cell_volcano.png,fd38d8083bbf19a8c5ff08e1e263fad93cec0770ae3babfd1ea4a329bd3f5cc5,simulated,False,needs-revision; full-CP0-CP4-not-passed,模拟数据／方法展示；非原论文数据复现。,Project_001_生物科研绘图Skill/work/benchmark-v2/scidraw-next20/results/figures/39_multi_cell_volcano.png,biofigure/examples/archive-gallery/scidraw-001-065/scripts/render_cases_36_45.R
BF-0113,differential,多比较 jjVolcano 图,docs/assets/archive-gallery/scidraw-001-065/40_jjvolcano_comparisons.png,a6f990057581aaefe8ba514d7153451781745d00c419e7c5c78f99cbe0092acd,simulated,False,needs-revision; full-CP0-CP4-not-passed,模拟数据／方法展示；非原论文数据复现。,Project_001_生物科研绘图Skill/work/benchmark-v2/scidraw-next20/results/figures/40_jjvolcano_comparisons.png,biofigure/examples/archive-gallery/scidraw-001-065/scripts/render_cases_36_45.R
BF-0114,embeddings,环形 UMAP 与元数据轨道,docs/assets/archive-gallery/scidraw-001-065/41_circular_umap_metadata.png,8cdadf1ec9ae8a180c3a099057dc6efb33575983b6cff6ee56197c36c9527e71,simulated,False,needs-revision; full-CP0-CP4-not-passed,模拟数据／方法展示；非原论文数据复现。,Project_001_生物科研绘图Skill/work/benchmark-v2/scidraw-next20/results/figures/41_circular_umap_metadata.png,biofigure/examples/archive-gallery/scidraw-001-065/scripts/render_cases_36_45.R
BF-0115,genomes,高亮系统树与注释热图,docs/assets/archive-gallery/scidraw-001-065/42_phylogeny_highlight_heatmap.png,586c9253cb069d639e89aa66095ce9ba5d80cd45026b63c53f2ab5e498b9df4f,simulated,False,needs-revision; full-CP0-CP4-not-passed,模拟数据／方法展示；非原论文数据复现。,Project_001_生物科研绘图Skill/work/benchmark-v2/scidraw-next20/results/figures/42_phylogeny_highlight_heatmap.png,biofigure/examples/archive-gallery/scidraw-001-065/scripts/render_cases_36_45.R
BF-0116,genomes,系统树与双层热图,docs/assets/archive-gallery/scidraw-001-065/43_phylogeny_two_heatmaps.png,62749efd3074c91d0c1024082af90039e9f955b6235282d551f165a2eded46b7,simulated,False,needs-revision; full-CP0-CP4-not-passed,模拟数据／方法展示；非原论文数据复现。,Project_001_生物科研绘图Skill/work/benchmark-v2/scidraw-next20/results/figures/43_phylogeny_two_heatmaps.png,biofigure/examples/archive-gallery/scidraw-001-065/scripts/render_cases_36_45.R
BF-0117,composition,OTU 生态位三元图,docs/assets/archive-gallery/scidraw-001-065/44_otu_niche_ternary.png,f6e612e98657adc865a1b72fabf15969548697ffb75f895af094d93ecf0a82b1,simulated,False,needs-revision; full-CP0-CP4-not-passed,模拟数据／方法展示；非原论文数据复现。,Project_001_生物科研绘图Skill/work/benchmark-v2/scidraw-next20/results/figures/44_otu_niche_ternary.png,biofigure/examples/archive-gallery/scidraw-001-065/scripts/render_cases_36_45.R
BF-0118,distributions,蝴蝶式双向小提琴,docs/assets/archive-gallery/scidraw-001-065/45_butterfly_violin.png,9d17c99843e2ac88d2491ccb156422e5b22dd0785fe8bad43539071c87ae5a4d,simulated,False,needs-revision; full-CP0-CP4-not-passed,模拟数据／方法展示；非原论文数据复现。,Project_001_生物科研绘图Skill/work/benchmark-v2/scidraw-next20/results/figures/45_butterfly_violin.png,biofigure/examples/archive-gallery/scidraw-001-065/scripts/render_cases_36_45.R
BF-0119,distributions,渐变背景小提琴图,docs/assets/archive-gallery/scidraw-001-065/46_gradient_violin.png,8b05b65b681ccf003eb22a17cd18a207f0c7b4aa75935f0cc62e90a09e387f25,simulated,False,needs-revision; full-CP0-CP4-not-passed,模拟数据／方法展示；非原论文数据复现。,Project_001_生物科研绘图Skill/work/benchmark-v2/scidraw-next20/results/figures/46_gradient_violin.png,biofigure/examples/archive-gallery/scidraw-001-065/scripts/render_cases_46_55.R
BF-0120,distributions,分面山脊分布图,docs/assets/archive-gallery/scidraw-001-065/47_faceted_ridgeline.png,c9567364afa38c771efd8cddb4096365eb93dda3ba5cff4d0c321446b2e034d8,simulated,False,needs-revision; full-CP0-CP4-not-passed,模拟数据／方法展示；非原论文数据复现。,Project_001_生物科研绘图Skill/work/benchmark-v2/scidraw-next20/results/figures/47_faceted_ridgeline.png,biofigure/examples/archive-gallery/scidraw-001-065/scripts/render_cases_46_55.R
BF-0121,profiles,多峰平滑频谱,docs/assets/archive-gallery/scidraw-001-065/48_custom_smooth_spectrum.png,ee7df2716d4ccdfa5d1bcc71c56e01a9536175edf2df051d446468ddd87a3d4a,simulated,False,needs-revision; full-CP0-CP4-not-passed,模拟数据／方法展示；非原论文数据复现。,Project_001_生物科研绘图Skill/work/benchmark-v2/scidraw-next20/results/figures/48_custom_smooth_spectrum.png,biofigure/examples/archive-gallery/scidraw-001-065/scripts/render_cases_46_55.R
BF-0122,profiles,纵向折线与终点柱图,docs/assets/archive-gallery/scidraw-001-065/49_line_bar_combo.png,c180390789d7294c7345ec359fd0b8e0266db5f34aaf4c44ec128e8dee51369e,simulated,False,needs-revision; full-CP0-CP4-not-passed,模拟数据／方法展示；非原论文数据复现。,Project_001_生物科研绘图Skill/work/benchmark-v2/scidraw-next20/results/figures/49_line_bar_combo.png,biofigure/examples/archive-gallery/scidraw-001-065/scripts/render_cases_46_55.R
BF-0123,correlations,散点与对角直方图,docs/assets/archive-gallery/scidraw-001-065/50_diagonal_scatter_hist.png,46c747207ed64605db723e6f1c4541a72b176174a706edfa994a73911ec332df,simulated,False,needs-revision; full-CP0-CP4-not-passed,模拟数据／方法展示；非原论文数据复现。,Project_001_生物科研绘图Skill/work/benchmark-v2/scidraw-next20/results/figures/50_diagonal_scatter_hist.png,biofigure/examples/archive-gallery/scidraw-001-065/scripts/render_cases_46_55.R
BF-0124,bars,渐变分组环形柱图,docs/assets/archive-gallery/scidraw-001-065/51_grouped_gradient_circular_bar.png,7a98c6ffa18af813eb602c6b95be2d39639e2607e250bc0d074d7295e8916b14,simulated,False,needs-revision; full-CP0-CP4-not-passed,模拟数据／方法展示；非原论文数据复现。,Project_001_生物科研绘图Skill/work/benchmark-v2/scidraw-next20/results/figures/51_grouped_gradient_circular_bar.png,biofigure/examples/archive-gallery/scidraw-001-065/scripts/render_cases_46_55.R
BF-0125,bars,堆叠点与嵌入饼图,docs/assets/archive-gallery/scidraw-001-065/52_stacked_dot_inset_pie.png,f828e2c828de6297b67d225825bab5a248bd7eadbb5873382070d50b9a1ced95,simulated,False,needs-revision; full-CP0-CP4-not-passed,模拟数据／方法展示；非原论文数据复现。,Project_001_生物科研绘图Skill/work/benchmark-v2/scidraw-next20/results/figures/52_stacked_dot_inset_pie.png,biofigure/examples/archive-gallery/scidraw-001-065/scripts/render_cases_46_55.R
BF-0126,heatmaps,样本信息 Circos 环图,docs/assets/archive-gallery/scidraw-001-065/53_sample_information_circos.png,434b94cef398f06fd1521c09ea30c09f7bcbddb2dc2ec564659a088ff4498af4,simulated,False,needs-revision; full-CP0-CP4-not-passed,模拟数据／方法展示；非原论文数据复现。,Project_001_生物科研绘图Skill/work/benchmark-v2/scidraw-next20/results/figures/53_sample_information_circos.png,biofigure/examples/archive-gallery/scidraw-001-065/scripts/render_cases_46_55.R
BF-0127,bars,堆积柱与哑铃图,docs/assets/archive-gallery/scidraw-001-065/54_stacked_bar_dumbbell.png,32b114630c50fdf04757bde2551d2e8d0a1fd8c3c2fc4e3137822ccce4cd31e3,simulated,False,needs-revision; full-CP0-CP4-not-passed,模拟数据／方法展示；非原论文数据复现。,Project_001_生物科研绘图Skill/work/benchmark-v2/scidraw-next20/results/figures/54_stacked_bar_dumbbell.png,biofigure/examples/archive-gallery/scidraw-001-065/scripts/render_cases_46_55.R
BF-0128,correlations,双三角气泡相关矩阵,docs/assets/archive-gallery/scidraw-001-065/55_dual_triangle_circle_heatmap.png,fbbefe7ff59034ee04ad1b0dbbd21ea07245ee5fbf2aec7601ff278057514e75,simulated,False,needs-revision; full-CP0-CP4-not-passed,模拟数据／方法展示；非原论文数据复现。,Project_001_生物科研绘图Skill/work/benchmark-v2/scidraw-next20/results/figures/55_dual_triangle_circle_heatmap.png,biofigure/examples/archive-gallery/scidraw-001-065/scripts/render_cases_46_55.R
BF-0129,profiles,分组时序与误差带,docs/assets/archive-gallery/scidraw-001-065/56_timeseries_ribbon.png,70b64eb8f716ccf77ca2914330e11cb14bbb262d0aa09f3fa2c463416144d3d4,simulated,False,needs-revision; full-CP0-CP4-not-passed,模拟数据／方法展示；非原论文数据复现。,Project_001_生物科研绘图Skill/work/benchmark-v2/scidraw-next20/results/figures/56_timeseries_ribbon.png,biofigure/examples/archive-gallery/scidraw-001-065/scripts/render_cases_56_65.R
BF-0130,profiles,重复测量曲线与阶段背景,docs/assets/archive-gallery/scidraw-001-065/57_repeated_measures_clamp.png,c39bc73b9196a34635a2330674041ee123bc9769c9a97f45ae55edb99c945a82,simulated,False,needs-revision; full-CP0-CP4-not-passed,模拟数据／方法展示；非原论文数据复现。,Project_001_生物科研绘图Skill/work/benchmark-v2/scidraw-next20/results/figures/57_repeated_measures_clamp.png,biofigure/examples/archive-gallery/scidraw-001-065/scripts/render_cases_56_65.R
BF-0131,networks,世界地图与散点饼图,docs/assets/archive-gallery/scidraw-001-065/58_world_scatterpie.png,a875f7cf478d53418b42679346961a58a609cc5e3930a52ba253cb6c6667f480,simulated,False,needs-revision; full-CP0-CP4-not-passed,地图上的采样点、位置与组成是模拟；不能作真实地理分布解读。,Project_001_生物科研绘图Skill/work/benchmark-v2/scidraw-next20/results/figures/58_world_scatterpie.png,biofigure/examples/archive-gallery/scidraw-001-065/scripts/render_cases_56_65.R
BF-0132,networks,中国地图与散点饼图,docs/assets/archive-gallery/scidraw-001-065/59_china_scatterpie.png,ace97ed63c9816bf14d1bf405edcf05aec01e8ce06b95ef1fb90257dbe3a550c,simulated,False,needs-revision; full-CP0-CP4-not-passed,GADM 地图边界；生态区标签、采样点和饼图数值为模拟，不能作真实地理分布解读。,Project_001_生物科研绘图Skill/work/benchmark-v2/scidraw-next20/results/figures/59_china_scatterpie.png,biofigure/examples/archive-gallery/scidraw-001-065/scripts/render_cases_56_65.R
BF-0133,bars,对齐堆积柱与点图,docs/assets/archive-gallery/scidraw-001-065/60_stacked_bar_dot_aligned.png,78d7032eb2bb6d9bf22975bf00b6a5dc9d5d9fbaf3238fdd8f644e59195a71bc,simulated,False,needs-revision; full-CP0-CP4-not-passed,模拟数据／方法展示；非原论文数据复现。,Project_001_生物科研绘图Skill/work/benchmark-v2/scidraw-next20/results/figures/60_stacked_bar_dot_aligned.png,biofigure/examples/archive-gallery/scidraw-001-065/scripts/render_cases_56_65.R
BF-0134,bars,七瓣环形柱图,docs/assets/archive-gallery/scidraw-001-065/61_seven_petal_circular_bar.png,6579eb76e4bab9f33a2344b0d398e936931308e891f3ac9e0ef1a09163a356da,simulated,False,needs-revision; full-CP0-CP4-not-passed,模拟数据／方法展示；非原论文数据复现。,Project_001_生物科研绘图Skill/work/benchmark-v2/scidraw-next20/results/figures/61_seven_petal_circular_bar.png,biofigure/examples/archive-gallery/scidraw-001-065/scripts/render_cases_56_65.R
BF-0135,bars,环形柱与嵌入饼图,docs/assets/archive-gallery/scidraw-001-065/62_circular_bar_inset_pie.png,90b4a61fb6e607a8300981857b104829dfdb3bbeb858e21ac0e093b0fd6adcc0,simulated,False,needs-revision; full-CP0-CP4-not-passed,模拟数据／方法展示；非原论文数据复现。,Project_001_生物科研绘图Skill/work/benchmark-v2/scidraw-next20/results/figures/62_circular_bar_inset_pie.png,biofigure/examples/archive-gallery/scidraw-001-065/scripts/render_cases_56_65.R
BF-0136,distributions,多组分面小提琴图,docs/assets/archive-gallery/scidraw-001-065/63_faceted_violin.png,43faed954a8f2bef0159258fb0e81bca56edaa4065d3e0ee034926268fcda601,simulated,False,needs-revision; full-CP0-CP4-not-passed,模拟数据／方法展示；非原论文数据复现。,Project_001_生物科研绘图Skill/work/benchmark-v2/scidraw-next20/results/figures/63_faceted_violin.png,biofigure/examples/archive-gallery/scidraw-001-065/scripts/render_cases_56_65.R
BF-0137,correlations,分组气泡矩阵,docs/assets/archive-gallery/scidraw-001-065/64_grouped_bubble.png,397ffe681c3382a15979b1764198eece254780cfd21809b9461a8c0a1687b38f,simulated,False,needs-revision; full-CP0-CP4-not-passed,模拟数据／方法展示；非原论文数据复现。,Project_001_生物科研绘图Skill/work/benchmark-v2/scidraw-next20/results/figures/64_grouped_bubble.png,biofigure/examples/archive-gallery/scidraw-001-065/scripts/render_cases_56_65.R
BF-0138,profiles,多条件对数频率曲线,docs/assets/archive-gallery/scidraw-001-065/65_log_frequency_curves.png,8751ee82fea81308fde26dfc2fbc89518e1c46f853057965551fb5e814909691,simulated,False,needs-revision; full-CP0-CP4-not-passed,模拟数据／方法展示；非原论文数据复现。,Project_001_生物科研绘图Skill/work/benchmark-v2/scidraw-next20/results/figures/65_log_frequency_curves.png,biofigure/examples/archive-gallery/scidraw-001-065/scripts/render_cases_56_65.R
BF-0139,composition,顶刊案例001：分面堆积组成,docs/assets/archive-gallery/topjournal-001-010/01_faceted_stacked_composition.png,d2c18737a99c5fb7856c276f08f53e9d3e52b0f91bc7bf4d497d4724990f9b23,simulated,False,needs-revision; full-CP0-CP4-not-passed,模拟数据／方法展示；非原论文数据复现。,Project_001_生物科研绘图Skill/work/benchmark-v2/topjournal-001-010/results/figures/01_faceted_stacked_composition.png,biofigure/examples/archive-gallery/topjournal-001-010/scripts/render_topjournal_001_010.R
BF-0140,bars,顶刊案例002：径向堆积柱图,docs/assets/archive-gallery/topjournal-001-010/02_radial_stacked_bar.png,737c5aecb2dc9ec24e10c7be3517acd04f83f674f0846b0a7c7506fac450a2b8,simulated,False,needs-revision; full-CP0-CP4-not-passed,模拟数据／方法展示；非原论文数据复现。,Project_001_生物科研绘图Skill/work/benchmark-v2/topjournal-001-010/results/figures/02_radial_stacked_bar.png,biofigure/examples/archive-gallery/topjournal-001-010/scripts/render_topjournal_001_010.R
BF-0141,distributions,顶刊案例003：分组小提琴与统计标注,docs/assets/archive-gallery/topjournal-001-010/03_grouped_violin_statistics.png,e9e4eedd3e685a05d88ce26970701ee59bc8f5aadb21daec7c24f911ab7ca550,simulated,False,needs-revision; full-CP0-CP4-not-passed,模拟数据／方法展示；非原论文数据复现。,Project_001_生物科研绘图Skill/work/benchmark-v2/topjournal-001-010/results/figures/03_grouped_violin_statistics.png,biofigure/examples/archive-gallery/topjournal-001-010/scripts/render_topjournal_001_010.R
BF-0142,correlations,顶刊案例004：双组相关热图,docs/assets/archive-gallery/topjournal-001-010/04_dual_correlation_heatmap.png,b602557bcec10cb25c4ed5cbb30f58a1aa1d67d4622ece916a6cec5d6fd6da6b,simulated,False,needs-revision; full-CP0-CP4-not-passed,模拟数据／方法展示；非原论文数据复现。,Project_001_生物科研绘图Skill/work/benchmark-v2/topjournal-001-010/results/figures/04_dual_correlation_heatmap.png,biofigure/examples/archive-gallery/topjournal-001-010/scripts/render_topjournal_001_010.R
BF-0143,differential,顶刊案例005：基因集火山图,docs/assets/archive-gallery/topjournal-001-010/05_gene_set_volcano.png,7c4e01165d409b37040c57ca4c62bb64d808443fe0c5a3b939766daa4b716cf0,simulated,False,needs-revision; full-CP0-CP4-not-passed,模拟数据／方法展示；非原论文数据复现。,Project_001_生物科研绘图Skill/work/benchmark-v2/topjournal-001-010/results/figures/05_gene_set_volcano.png,biofigure/examples/archive-gallery/topjournal-001-010/scripts/render_topjournal_001_010.R
BF-0144,profiles,顶刊案例006：纵向多面板组合,docs/assets/archive-gallery/topjournal-001-010/06_longitudinal_multi_panel.png,d770e1b9e51775ee56167a1d0bd6936d246b5d2b6094535731fdc6f01797d1c0,simulated,False,needs-revision; full-CP0-CP4-not-passed,模拟数据／方法展示；非原论文数据复现。,Project_001_生物科研绘图Skill/work/benchmark-v2/topjournal-001-010/results/figures/06_longitudinal_multi_panel.png,biofigure/examples/archive-gallery/topjournal-001-010/scripts/render_topjournal_001_010.R
BF-0145,composition,顶刊案例007：突出扇区饼图,docs/assets/archive-gallery/topjournal-001-010/07_exploded_pie.png,19e330a42c13c6d74c95f5b14008a56c79d4c635618ae1d243c705d000dd67f6,simulated,False,needs-revision; full-CP0-CP4-not-passed,模拟数据／方法展示；非原论文数据复现。,Project_001_生物科研绘图Skill/work/benchmark-v2/topjournal-001-010/results/figures/07_exploded_pie.png,biofigure/examples/archive-gallery/topjournal-001-010/scripts/render_topjournal_001_010.R
BF-0146,heatmaps,顶刊案例008：OncoPrint 突变景观,docs/assets/archive-gallery/topjournal-001-010/08_oncoprint_landscape.png,51ec4b3985a4a35f093c39b234d7ee33fc9137ea4718afd37db46674cb218018,simulated,False,needs-revision; full-CP0-CP4-not-passed,模拟数据／方法展示；非原论文数据复现。,Project_001_生物科研绘图Skill/work/benchmark-v2/topjournal-001-010/results/figures/08_oncoprint_landscape.png,biofigure/examples/archive-gallery/topjournal-001-010/scripts/render_topjournal_001_010.R
BF-0147,composition,顶刊案例009：流向与堆积组成,docs/assets/archive-gallery/topjournal-001-010/09_alluvial_stacked_composition.png,7d4d3e204bb035af8bd82b44f9fd33345f9e447d1eabdf80d0403a9b662981bd,simulated,False,needs-revision; full-CP0-CP4-not-passed,模拟数据／方法展示；非原论文数据复现。,Project_001_生物科研绘图Skill/work/benchmark-v2/topjournal-001-010/results/figures/09_alluvial_stacked_composition.png,biofigure/examples/archive-gallery/topjournal-001-010/scripts/render_topjournal_001_010.R
BF-0148,differential,顶刊案例010：多组火山图,docs/assets/archive-gallery/topjournal-001-010/10_multi_group_volcano.png,6ea5fc8173643f8ca94c32982319876b134827dba23f50abbad8a1cc11fca900,simulated,False,needs-revision; full-CP0-CP4-not-passed,模拟数据／方法展示；非原论文数据复现。,Project_001_生物科研绘图Skill/work/benchmark-v2/topjournal-001-010/results/figures/10_multi_group_volcano.png,biofigure/examples/archive-gallery/topjournal-001-010/scripts/render_topjournal_001_010.R
BF-0149,distributions,PBMC：单细胞质控分布,docs/assets/archive-gallery/public-omics/01_scrna_qc.png,51181573ec691196f580186ec2835c4f5e860b580159d1067c32072ac622f402,public-data,False,gallery-file-verified; full-CP0-CP4-not-asserted,公开数据演示：10x PBMC1k、ENCODE K562 或参考组装；不代表完整上游分析。,Project_002_生物数据全流程绘图分析/figures/01_scrna_qc.png,biofigure/examples/archive-gallery/public-omics/scripts/analysis.R
BF-0150,correlations,PBMC：高变基因均值与方差,docs/assets/archive-gallery/public-omics/02_scrna_hvg.png,5182ec16f5ae820ab464a268a12211a9a9d9b7d0b38dbac511a2262dc3a37de3,public-data,False,gallery-file-verified; full-CP0-CP4-not-asserted,公开数据演示：10x PBMC1k、ENCODE K562 或参考组装；不代表完整上游分析。,Project_002_生物数据全流程绘图分析/figures/02_scrna_hvg.png,biofigure/examples/archive-gallery/public-omics/scripts/analysis.R
BF-0151,embeddings,PBMC：PCA,docs/assets/archive-gallery/public-omics/03_scrna_pca.png,206cf7591ca1b2b666e5a5871ffea231663a4183b710654204a26a9fbb82eee7,public-data,False,gallery-file-verified; full-CP0-CP4-not-asserted,公开数据演示：10x PBMC1k、ENCODE K562 或参考组装；不代表完整上游分析。,Project_002_生物数据全流程绘图分析/figures/03_scrna_pca.png,biofigure/examples/archive-gallery/public-omics/scripts/analysis.R
BF-0152,embeddings,PBMC：UMAP,docs/assets/archive-gallery/public-omics/04_scrna_umap.png,5c61f65c3d737ab5ec262c2ef4fad754ebc5d622b73d318fdf91639df5ede504,public-data,False,gallery-file-verified; full-CP0-CP4-not-asserted,公开数据演示：10x PBMC1k、ENCODE K562 或参考组装；不代表完整上游分析。,Project_002_生物数据全流程绘图分析/figures/04_scrna_umap.png,biofigure/examples/archive-gallery/public-omics/scripts/analysis.R
BF-0153,heatmaps,PBMC：候选标记基因热图,docs/assets/archive-gallery/public-omics/05_scrna_candidate_marker_heatmap.png,b71f85c3cb7cc800e5d8526dc168a1497687a22a11db666f8c94096c71a7a03e,public-data,False,gallery-file-verified; full-CP0-CP4-not-asserted,公开数据演示：10x PBMC1k、ENCODE K562 或参考组装；不代表完整上游分析。,Project_002_生物数据全流程绘图分析/figures/05_scrna_candidate_marker_heatmap.png,biofigure/examples/archive-gallery/public-omics/scripts/analysis.R
BF-0154,distributions,ATAC：峰宽与信号分布,docs/assets/archive-gallery/public-omics/06_atac_peak_landscape.png,8b85b013abe3d8928c936ff4eeb2e10db4eed3e729fc22b6fe246d3cb049bb37,public-data,False,gallery-file-verified; full-CP0-CP4-not-asserted,公开数据演示：10x PBMC1k、ENCODE K562 或参考组装；不代表完整上游分析。,Project_002_生物数据全流程绘图分析/figures/06_atac_peak_landscape.png,biofigure/examples/archive-gallery/public-omics/scripts/analysis.R
BF-0155,profiles,ATAC：峰信号排名曲线,docs/assets/archive-gallery/public-omics/07_atac_top_peak_rank.png,b2385268a43e6a94930395865d65cdda0031332aee3f5996d7caf45e8f48492f,public-data,False,gallery-file-verified; full-CP0-CP4-not-asserted,公开数据演示：10x PBMC1k、ENCODE K562 或参考组装；不代表完整上游分析。,Project_002_生物数据全流程绘图分析/figures/07_atac_top_peak_rank.png,biofigure/examples/archive-gallery/public-omics/scripts/analysis.R
BF-0156,genomes,ATAC：染色体峰位置,docs/assets/archive-gallery/public-omics/08_atac_chromosome_peak_map.png,9618aaf92500989ded62110a05d36eada6e90dbf90e133090770726df8fbfd66,public-data,False,gallery-file-verified; full-CP0-CP4-not-asserted,公开数据演示：10x PBMC1k、ENCODE K562 或参考组装；不代表完整上游分析。,Project_002_生物数据全流程绘图分析/figures/08_atac_chromosome_peak_map.png,biofigure/examples/archive-gallery/public-omics/scripts/analysis.R
BF-0157,distributions,ChIP：峰宽与信号分布,docs/assets/archive-gallery/public-omics/09_chip_peak_landscape.png,21a5f9d8654f447f3f3ef4b45491b1537fb40baaeca4c45ef03fd3e7d09e3ac1,public-data,False,gallery-file-verified; full-CP0-CP4-not-asserted,公开数据演示：10x PBMC1k、ENCODE K562 或参考组装；不代表完整上游分析。,Project_002_生物数据全流程绘图分析/figures/09_chip_peak_landscape.png,biofigure/examples/archive-gallery/public-omics/scripts/analysis.R
BF-0158,profiles,ChIP：峰信号排名曲线,docs/assets/archive-gallery/public-omics/10_chip_top_peak_rank.png,bc33c8ad0fd0fb2ed5af4b9de74fc053166a8c250154bdff00e5d218e133023c,public-data,False,gallery-file-verified; full-CP0-CP4-not-asserted,公开数据演示：10x PBMC1k、ENCODE K562 或参考组装；不代表完整上游分析。,Project_002_生物数据全流程绘图分析/figures/10_chip_top_peak_rank.png,biofigure/examples/archive-gallery/public-omics/scripts/analysis.R
BF-0159,genomes,ChIP：染色体峰位置,docs/assets/archive-gallery/public-omics/11_chip_chromosome_peak_map.png,8ca1fbc1588aee92485fd1dcac07da2f794ebe1e98036f08a95523554377b982,public-data,False,gallery-file-verified; full-CP0-CP4-not-asserted,公开数据演示：10x PBMC1k、ENCODE K562 或参考组装；不代表完整上游分析。,Project_002_生物数据全流程绘图分析/figures/11_chip_chromosome_peak_map.png,biofigure/examples/archive-gallery/public-omics/scripts/analysis.R
BF-0160,genomes,斑马鱼：组装长度与 GC,docs/assets/archive-gallery/public-omics/12_zebrafish_assembly.png,8e246e673ea9cc6d1c939e0d746cdca5a410ce22406196528fb249ef605df29e,public-data,False,gallery-file-verified; full-CP0-CP4-not-asserted,公开数据演示：10x PBMC1k、ENCODE K562 或参考组装；不代表完整上游分析。,Project_002_生物数据全流程绘图分析/figures/12_zebrafish_assembly.png,biofigure/examples/archive-gallery/public-omics/scripts/analysis.R
BF-0161,genomes,斑马鱼：组装结构代理指标,docs/assets/archive-gallery/public-omics/12_zebrafish_assembly_structural_signatures_SV_proxy.png,ddd799665a5af9077787af20bb9e224d0c58c63addb1a1c5c30103a01464c32a,public-data,False,gallery-file-verified; full-CP0-CP4-not-asserted,公开参考组装的结构代理指标；未进行 SV calling，不能解读为已验证结构变异。,Project_002_生物数据全流程绘图分析/figures/12_zebrafish_assembly_structural_signatures_SV_proxy.png,biofigure/examples/archive-gallery/public-omics/scripts/analysis.R
BF-0162,genomes,斑马鱼：注释组成与基因分布,docs/assets/archive-gallery/public-omics/12_zebrafish_gff_features.png,82cd00bdad62546f85be6ba634bcfd865406cf551e2340cdf1bd9a7f6ef4b40f,public-data,False,gallery-file-verified; full-CP0-CP4-not-asserted,公开数据演示：10x PBMC1k、ENCODE K562 或参考组装；不代表完整上游分析。,Project_002_生物数据全流程绘图分析/figures/12_zebrafish_gff_features.png,biofigure/examples/archive-gallery/public-omics/scripts/analysis.R
BF-0163,genomes,大黄鱼：组装长度与 GC,docs/assets/archive-gallery/public-omics/15_croaker_assembly.png,7ccc25821e3f9e578cdced2ba888e3a0893fd6ade51a6c2f6b98b6cec0b31096,public-data,False,gallery-file-verified; full-CP0-CP4-not-asserted,公开数据演示：10x PBMC1k、ENCODE K562 或参考组装；不代表完整上游分析。,Project_002_生物数据全流程绘图分析/figures/15_croaker_assembly.png,biofigure/examples/archive-gallery/public-omics/scripts/analysis.R
BF-0164,genomes,大黄鱼：组装结构代理指标,docs/assets/archive-gallery/public-omics/15_croaker_assembly_structural_signatures_SV_proxy.png,97b6a8626ce325a2d693203669679bba369ad808032e5a69ec261255090c0137,public-data,False,gallery-file-verified; full-CP0-CP4-not-asserted,公开参考组装的结构代理指标；未进行 SV calling，不能解读为已验证结构变异。,Project_002_生物数据全流程绘图分析/figures/15_croaker_assembly_structural_signatures_SV_proxy.png,biofigure/examples/archive-gallery/public-omics/scripts/analysis.R
BF-0165,genomes,大黄鱼：注释组成与基因分布,docs/assets/archive-gallery/public-omics/15_croaker_gff_features.png,ee3db295faf1acb61bdffed95535947368f31dee0d3b8fb7c2f21e1cbab804ae,public-data,False,gallery-file-verified; full-CP0-CP4-not-asserted,公开数据演示：10x PBMC1k、ENCODE K562 或参考组装；不代表完整上游分析。,Project_002_生物数据全流程绘图分析/figures/15_croaker_gff_features.png,biofigure/examples/archive-gallery/public-omics/scripts/analysis.R
BF-0166,genomes,双物种组装摘要,docs/assets/archive-gallery/public-omics/18_comparative_assembly_summary.png,efcb3e0b0107f429bc9b0e63a65e6bbf8a17756c93ed2ebeb6dbbfba9f31ccfd,public-data,False,gallery-file-verified; full-CP0-CP4-not-asserted,公开数据演示：10x PBMC1k、ENCODE K562 或参考组装；不代表完整上游分析。,Project_002_生物数据全流程绘图分析/figures/18_comparative_assembly_summary.png,biofigure/examples/archive-gallery/public-omics/scripts/analysis.R
BF-0167,genomes,双物种组装与注释概览,docs/assets/archive-gallery/comparative-genomics/01_assembly_annotation_overview.png,ef3141028b44e40f4fe1bde8bfab5654cca15ccfa406b1a7f66cd63e1b6bcad8,public-data,False,gallery-file-verified; full-CP0-CP4-not-asserted,斑马鱼与大黄鱼公开参考组装／注释示例；无全基因组比对或 SV calling。,Project_004_Darwin比较基因组完整度评估/figures/01_assembly_annotation_overview.png,biofigure/examples/archive-gallery/comparative-genomics/scripts/analysis.R
BF-0168,genomes,染色体基因密度,docs/assets/archive-gallery/comparative-genomics/02_chromosome_gene_density.png,adfd2a62757ee9b8813d8cce0cd87dd23d23e86389573b47bda8deaf3effd76d,public-data,False,gallery-file-verified; full-CP0-CP4-not-asserted,斑马鱼与大黄鱼公开参考组装／注释示例；无全基因组比对或 SV calling。,Project_004_Darwin比较基因组完整度评估/figures/02_chromosome_gene_density.png,biofigure/examples/archive-gallery/comparative-genomics/scripts/analysis.R
BF-0169,bars,双物种注释类型组成,docs/assets/archive-gallery/comparative-genomics/03_annotation_feature_composition.png,a61427a7eeecafa79fcc766953b77d1b4db11b84bc021efa36333c0b430e7112,public-data,False,gallery-file-verified; full-CP0-CP4-not-asserted,斑马鱼与大黄鱼公开参考组装／注释示例；无全基因组比对或 SV calling。,Project_004_Darwin比较基因组完整度评估/figures/03_annotation_feature_composition.png,biofigure/examples/archive-gallery/comparative-genomics/scripts/analysis.R
BF-0170,genomes,代表性基因结构示意,docs/assets/archive-gallery/comparative-genomics/04_representative_gene_models.png,d3c5b5469a9d8dcdb09b9f560bd5bcc82c1030e4d8c2d934c56634b5f793dd71,public-data,False,gallery-file-verified; full-CP0-CP4-not-asserted,斑马鱼与大黄鱼公开参考组装／注释示例；无全基因组比对或 SV calling。,Project_004_Darwin比较基因组完整度评估/figures/04_representative_gene_models.png,biofigure/examples/archive-gallery/comparative-genomics/scripts/analysis.R
BF-0171,genomes,双物种组装结构代理比较,docs/assets/archive-gallery/comparative-genomics/05_assembly_structural_signatures_proxy.png,d6e2f67db700603d2644ebb5e66f44f69d5fe49334c4e0bf20cc471a62b17128,public-data,False,gallery-file-verified; full-CP0-CP4-not-asserted,斑马鱼与大黄鱼公开参考组装／注释示例；无全基因组比对或 SV calling。,Project_004_Darwin比较基因组完整度评估/figures/05_assembly_structural_signatures_proxy.png,biofigure/examples/archive-gallery/comparative-genomics/scripts/analysis.R
BF-0172,multipanel,比较基因组综合面板,docs/assets/archive-gallery/comparative-genomics/06_comparative_genomics_workflow_overview.png,ac6b44613076eabff1bdcac0da8dec32a9fe6e1f4161e4494e96e4a77f23a638,public-data,False,gallery-file-verified; full-CP0-CP4-not-asserted,斑马鱼与大黄鱼公开参考组装／注释示例；无全基因组比对或 SV calling。,Project_004_Darwin比较基因组完整度评估/figures/06_comparative_genomics_workflow_overview.png,biofigure/examples/archive-gallery/comparative-genomics/scripts/analysis.R
BF-0173,clinical,生存曲线与风险表：历史标签错误示例,docs/assets/archive-gallery/topjournal-early/issue020_survival.png,f6b288ed46bbbbb81269ce84da50e19f61a91b6b2e81a7ef0f815552607d94eb,package-example,True,gallery-file-verified; full-CP0-CP4-not-asserted,历史错误示例：survival::lung 的 sex 被误标为药物组，图中药物比较无效。仅存档，不可用于疗效解读。,Project_006_顶刊绘图复现训练/results/figures/issue020_survival.png,biofigure/examples/archive-gallery/topjournal-early/scripts/issue020_survival_reproduction.R
BF-0174,composition,组织间弦图,docs/assets/archive-gallery/topjournal-early/issue025_chord.png,1e7193514f5ba940f37c0dee9e94d359478920037baa04d9c10cee2b18b4c205,simulated,False,gallery-file-verified; full-CP0-CP4-not-asserted,模拟数据／方法展示；非原论文数据复现。,Project_006_顶刊绘图复现训练/results/figures/issue025_chord.png,biofigure/examples/archive-gallery/topjournal-early/scripts/issue025_chord_upset_reproduction.R
BF-0175,intersections,基因集合 UpSet,docs/assets/archive-gallery/topjournal-early/issue025_upset.png,85607f794b1f8418f02383e35ebab42c1633c7242beb95116fc0918c775f620b,simulated,False,gallery-file-verified; full-CP0-CP4-not-asserted,模拟数据／方法展示；非原论文数据复现。,Project_006_顶刊绘图复现训练/results/figures/issue025_upset.png,biofigure/examples/archive-gallery/topjournal-early/scripts/issue025_chord_upset_reproduction.R
BF-0176,clinical,纵向患者泳道与临床注释,docs/assets/archive-gallery/topjournal-early/issue028_swimmer.png,15ab20b9effe7123e96ce0b41937bc9a9c430452c7282bd1bcf9e3d18ca9dee5,simulated,False,gallery-file-verified; full-CP0-CP4-not-asserted,模拟数据／方法展示；非原论文数据复现。,Project_006_顶刊绘图复现训练/results/figures/issue028_swimmer.png,biofigure/examples/archive-gallery/topjournal-early/scripts/issue028_swimmer_reproduction.R
BF-0177,clinical,Cox 亚组森林图布局,docs/assets/archive-gallery/topjournal-early/issue036_forest.png,68447895cb4cb5d8ea8e0413ae7292727c1df2369b80fe320b166535ec487b80,simulated,False,gallery-file-verified; full-CP0-CP4-not-asserted,模拟数据／方法展示；非原论文数据复现。,Project_006_顶刊绘图复现训练/results/figures/issue036_forest.png,biofigure/examples/archive-gallery/topjournal-early/scripts/issue036_forest_reproduction.R
BF-0178,heatmaps,聚类热图与行趋势,docs/assets/archive-gallery/topjournal-early/issue059_cluster_heatmap.png,02ae17e581d31c86d8277ab264b145b6863f9f565baf4e2bc1b6d9eb7f3d5833,simulated,False,gallery-file-verified; full-CP0-CP4-not-asserted,模拟数据／方法展示；非原论文数据复现。,Project_006_顶刊绘图复现训练/results/figures/issue059_cluster_heatmap.png,biofigure/examples/archive-gallery/topjournal-early/scripts/issue059_cluster_heatmap_reproduction.R
BF-0179,composition,年龄分层组成流图,docs/assets/archive-gallery/topjournal-early/issue066_stream.png,cfd3642e44e2888583e544c2bffe89c9c63cc1808f9533a7156140f91b124a53,simulated,False,gallery-file-verified; full-CP0-CP4-not-asserted,模拟数据／方法展示；非原论文数据复现。,Project_006_顶刊绘图复现训练/results/figures/issue066_stream.png,biofigure/examples/archive-gallery/topjournal-early/scripts/issue066_stream_reproduction.R
BF-0180,distributions,分组半小提琴与箱线,docs/assets/archive-gallery/topjournal-early/issue076_raincloud.png,4132f1f2fa11a73ee22869df1b8d763660ab955dc7d4ea2b6d00d05c3effa813,simulated,False,gallery-file-verified; full-CP0-CP4-not-asserted,模拟数据／方法展示；非原论文数据复现。,Project_006_顶刊绘图复现训练/results/figures/issue076_raincloud.png,biofigure/examples/archive-gallery/topjournal-early/scripts/issue076_raincloud_reproduction.R
BF-0181,heatmaps,环形聚类热图与树,docs/assets/archive-gallery/topjournal-early/issue078_circular_heatmap.png,c897b3a380653c221786d44527c916996950fd49ae9b69ce50c5f1aa965e4d80,simulated,False,gallery-file-verified; full-CP0-CP4-not-asserted,模拟数据／方法展示；非原论文数据复现。,Project_006_顶刊绘图复现训练/results/figures/issue078_circular_heatmap.png,biofigure/examples/archive-gallery/topjournal-early/scripts/issue078_circular_heatmap_reproduction.R
BF-0182,networks,细胞簇网络,docs/assets/archive-gallery/full-reproduction/figure_055_cluster_network_code_driven.png,833a41bb0cf8895cdee885422f48a8facdb62cc237efc01e0d7f0701d760ba50,simulated,False,gallery-file-verified; full-CP0-CP4-not-asserted,模拟数据／方法展示；非原论文数据复现。,Project_015_BioFigure全量复现验证/results/figures/figure_055_cluster_network_code_driven.png,biofigure/examples/archive-gallery/full-reproduction/scripts/non_single_cell_055_069.R
BF-0183,embeddings,星云密度嵌入示意,docs/assets/archive-gallery/full-reproduction/figure_058_galaxy_density_code_driven.png,583328970aee297adbc64b4a954c7c786e4c7509836ac816267ad6f9d3aa8d0f,simulated,False,gallery-file-verified; full-CP0-CP4-not-asserted,模拟数据／方法展示；非原论文数据复现。,Project_015_BioFigure全量复现验证/results/figures/figure_058_galaxy_density_code_driven.png,biofigure/examples/archive-gallery/full-reproduction/scripts/non_single_cell_055_069.R
BF-0184,profiles,个体肿瘤变化蜘蛛图,docs/assets/archive-gallery/full-reproduction/figure_059_spider_code_driven.png,e3d0e27c7502e8fbe885bc70e8a1602641849858be137f20e866ca534a9ae97f,simulated,False,gallery-file-verified; full-CP0-CP4-not-asserted,模拟数据／方法展示；非原论文数据复现。,Project_015_BioFigure全量复现验证/results/figures/figure_059_spider_code_driven.png,biofigure/examples/archive-gallery/full-reproduction/scripts/non_single_cell_055_069.R
BF-0185,clinical,患者泳道与多列注释,docs/assets/archive-gallery/full-reproduction/figure_060_swimmer_code_driven.png,7554725a2fffbae7897fef24e0370609490fe26e58faeff8e57bd2e42bb5d0c3,simulated,False,gallery-file-verified; full-CP0-CP4-not-asserted,模拟数据／方法展示；非原论文数据复现。,Project_015_BioFigure全量复现验证/results/figures/figure_060_swimmer_code_driven.png,biofigure/examples/archive-gallery/full-reproduction/scripts/non_single_cell_055_069.R
BF-0186,correlations,成对回归与密度矩阵,docs/assets/archive-gallery/full-reproduction/figure_061_ggally_matrix_code_driven.png,dc0c1dc77d17e0835cb926f3c8828f1b14ae182609233e64107630252ca13d0a,simulated,False,gallery-file-verified; full-CP0-CP4-not-asserted,模拟数据／方法展示；非原论文数据复现。,Project_015_BioFigure全量复现验证/results/figures/figure_061_ggally_matrix_code_driven.png,biofigure/examples/archive-gallery/full-reproduction/scripts/non_single_cell_055_069.R
BF-0187,bars,断轴堆积柱图,docs/assets/archive-gallery/full-reproduction/figure_062_ggbreak_stacked_code_driven.png,8d066b073b72ec9b9cf2878efb0d9e43c66a3b60b05729d087555c5c09ec7207,simulated,False,gallery-file-verified; full-CP0-CP4-not-asserted,模拟数据／方法展示；非原论文数据复现。,Project_015_BioFigure全量复现验证/results/figures/figure_062_ggbreak_stacked_code_driven.png,biofigure/examples/archive-gallery/full-reproduction/scripts/non_single_cell_055_069.R
BF-0188,heatmaps,聚类注释热图：复用变体,docs/assets/archive-gallery/full-reproduction/figure_066_cluster_annotation_heatmap_reused.png,e9bf0597c22030ac6b96e3fc320d4cd5378088abbe48e583e9a95eec4ec73505,simulated,False,gallery-file-verified; full-CP0-CP4-not-asserted,模拟数据／方法展示；非原论文数据复现。,Project_015_BioFigure全量复现验证/results/figures/figure_066_cluster_annotation_heatmap_reused.png,biofigure/examples/archive-gallery/full-reproduction/scripts/batch31_40_reproduction.R | biofigure/examples/archive-gallery/full-reproduction/scripts/batch41_50_reproduction.R | biofigure/examples/archive-gallery/full-reproduction/scripts/code_driven_071_087.R | biofigure/examples/archive-gallery/full-reproduction/scripts/figure_style.R | biofigure/examples/archive-gallery/full-reproduction/scripts/figures_051_070.R | biofigure/examples/archive-gallery/full-reproduction/scripts/non_single_cell_055_069.R | biofigure/examples/archive-gallery/full-reproduction/scripts/reproduce_batch21_30.R
BF-0189,composition,加权 Voronoi 组成图,docs/assets/archive-gallery/full-reproduction/figure_067_weighted_voronoi_code_driven.png,399f073c3b15c9a75dbefc8a15c9c0bc231025cb6ebbb80b12e6fdf687ebb66a,simulated,False,gallery-file-verified; full-CP0-CP4-not-asserted,模拟数据／方法展示；非原论文数据复现。,Project_015_BioFigure全量复现验证/results/figures/figure_067_weighted_voronoi_code_driven.png,biofigure/examples/archive-gallery/full-reproduction/scripts/non_single_cell_055_069.R
BF-0190,clinical,决策曲线,docs/assets/archive-gallery/full-reproduction/figure_068_dcurves_code_driven.png,f052250c55e3af87df04c0c3269c47e5f261aa7f4a341a22a2b5a798752f2018,simulated,False,gallery-file-verified; full-CP0-CP4-not-asserted,模拟数据／方法展示；非原论文数据复现。,Project_015_BioFigure全量复现验证/results/figures/figure_068_dcurves_code_driven.png,biofigure/examples/archive-gallery/full-reproduction/scripts/non_single_cell_055_069.R
BF-0191,genomes,系统树与外部多轨图,docs/assets/archive-gallery/full-reproduction/figure_069_ggtreeextra_code_driven.png,3602de57f2696d98ec34bea585eeefda61ae5552486ded833a239a504f527d74,simulated,False,gallery-file-verified; full-CP0-CP4-not-asserted,模拟数据／方法展示；非原论文数据复现。,Project_015_BioFigure全量复现验证/results/figures/figure_069_ggtreeextra_code_driven.png,biofigure/examples/archive-gallery/full-reproduction/scripts/non_single_cell_055_069.R
BF-0192,genomes,ggalign 基因组 DMR 轨道,docs/assets/archive-gallery/full-reproduction/figure_071_issue064_ggalign_dmr.png,f2e695a78a2b644a0c5073858e6c09c9045b3d1b15d37f1dac455ee0dac43826,package-example,False,gallery-file-verified; full-CP0-CP4-not-asserted,circlize 软件包维护的 DMR／区段示例；不是用户实验数据。,Project_015_BioFigure全量复现验证/results/figures/figure_071_issue064_ggalign_dmr.png,biofigure/examples/archive-gallery/full-reproduction/scripts/code_driven_071_087.R
BF-0193,genomes,circlize 嵌套 DMR 轨道,docs/assets/archive-gallery/full-reproduction/figure_072_issue064_circlize_nested_dmr.png,690a3a67face8f5ce1f9a2d6c30098da6d6e299bb46d861462031ee61aff0963,package-example,False,gallery-file-verified; full-CP0-CP4-not-asserted,circlize 软件包维护的 DMR／区段示例；不是用户实验数据。,Project_015_BioFigure全量复现验证/results/figures/figure_072_issue064_circlize_nested_dmr.png,biofigure/examples/archive-gallery/full-reproduction/scripts/code_driven_071_087.R
BF-0194,composition,连续变量三元图,docs/assets/archive-gallery/full-reproduction/figure_074_issue065_ternary_continuous.png,e2ee775234090730f8a9588dad7ded25a57a370664ab423b7ef64e32252065f7,simulated,False,gallery-file-verified; full-CP0-CP4-not-asserted,模拟数据／方法展示；非原论文数据复现。,Project_015_BioFigure全量复现验证/results/figures/figure_074_issue065_ternary_continuous.png,biofigure/examples/archive-gallery/full-reproduction/scripts/code_driven_071_087.R
BF-0195,composition,三元密度图,docs/assets/archive-gallery/full-reproduction/figure_075_issue065_ternary_density.png,1e3390712d5f6956b2b97b2c78f2e1a8dabf2cfff677ac1169ffe020a67e43df,simulated,False,gallery-file-verified; full-CP0-CP4-not-asserted,模拟数据／方法展示；非原论文数据复现。,Project_015_BioFigure全量复现验证/results/figures/figure_075_issue065_ternary_density.png,biofigure/examples/archive-gallery/full-reproduction/scripts/code_driven_071_087.R
BF-0196,heatmaps,ComplexHeatmap 注释矩阵,docs/assets/archive-gallery/full-reproduction/figure_078_issue069_complexheatmap.png,3fa1786f142d2a8d95fc7a61c11aeaf1f5e02b4c1ded041fcf98320036b9aa7a,simulated,False,gallery-file-verified; full-CP0-CP4-not-asserted,模拟数据／方法展示；非原论文数据复现。,Project_015_BioFigure全量复现验证/results/figures/figure_078_issue069_complexheatmap.png,biofigure/examples/archive-gallery/full-reproduction/scripts/code_driven_071_087.R
BF-0197,heatmaps,pheatmap 注释矩阵,docs/assets/archive-gallery/full-reproduction/figure_079_issue069_pheatmap.png,30642cb7934df29732fdd616259592419d072886fd0b77b97cc57f9bb0ed2b53,simulated,False,gallery-file-verified; full-CP0-CP4-not-asserted,模拟数据／方法展示；非原论文数据复现。,Project_015_BioFigure全量复现验证/results/figures/figure_079_issue069_pheatmap.png,biofigure/examples/archive-gallery/full-reproduction/scripts/code_driven_071_087.R
BF-0198,heatmaps,整洁数据热图,docs/assets/archive-gallery/full-reproduction/figure_080_issue069_tidy_heatmap.png,b96afa4d59241d9906049741aea7d5dcda63ad0ae0e5327e83a8397cac7b549b,simulated,False,gallery-file-verified; full-CP0-CP4-not-asserted,模拟数据／方法展示；非原论文数据复现。,Project_015_BioFigure全量复现验证/results/figures/figure_080_issue069_tidy_heatmap.png,biofigure/examples/archive-gallery/full-reproduction/scripts/code_driven_071_087.R
BF-0199,composition,多层旭日图,docs/assets/archive-gallery/full-reproduction/figure_082_issue071_sunburst.png,01b2ec67e9fb331186dc46aaf119385519c4ff19e010fdc1f0463877d32f52de,simulated,False,gallery-file-verified; full-CP0-CP4-not-asserted,模拟数据／方法展示；非原论文数据复现。,Project_015_BioFigure全量复现验证/results/figures/figure_082_issue071_sunburst.png,biofigure/examples/archive-gallery/full-reproduction/scripts/code_driven_071_087.R
BF-0200,bars,分面极坐标柱图,docs/assets/archive-gallery/full-reproduction/figure_084_issue073_polar_bars.png,23cfa84dea466de91cf29b77319440e96c03b4b92c2ab4e13146d65aaeb164ae,simulated,False,gallery-file-verified; full-CP0-CP4-not-asserted,模拟数据／方法展示；非原论文数据复现。,Project_015_BioFigure全量复现验证/results/figures/figure_084_issue073_polar_bars.png,biofigure/examples/archive-gallery/full-reproduction/scripts/code_driven_071_087.R
BF-0201,bars,样条花瓣图,docs/assets/archive-gallery/full-reproduction/figure_085_issue073_spline_petals.png,581f530c365edca58873333b00902a66b9f1ceac842a4adbed34c5e6f6d1ba68,simulated,False,gallery-file-verified; full-CP0-CP4-not-asserted,模拟数据／方法展示；非原论文数据复现。,Project_015_BioFigure全量复现验证/results/figures/figure_085_issue073_spline_petals.png,biofigure/examples/archive-gallery/full-reproduction/scripts/code_driven_071_087.R
BF-0202,composition,组成变化散点饼图,docs/assets/archive-gallery/full-reproduction/figure_087_issue075_scatterpie.png,bee8dd9f3e68410100d3c7858d7af4c22ef2d23ccc3f0c18b520b6fc31d01d8d,simulated,False,gallery-file-verified; full-CP0-CP4-not-asserted,模拟数据／方法展示；非原论文数据复现。,Project_015_BioFigure全量复现验证/results/figures/figure_087_issue075_scatterpie.png,biofigure/examples/archive-gallery/full-reproduction/scripts/code_driven_071_087.R
BF-0203,composition,分面流图,docs/assets/archive-gallery/full-reproduction/figure_089_issue079_streamgraph.png,3654b56ea7d81b82625367b1773b8f4720618cbecb794b9fcbe0e6ed316f93f3,simulated,False,gallery-file-verified; full-CP0-CP4-not-asserted,模拟数据／方法展示；非原论文数据复现。,Project_015_BioFigure全量复现验证/results/figures/figure_089_issue079_streamgraph.png,biofigure/examples/archive-gallery/full-reproduction/scripts/code_driven_071_087.R
BF-0204,correlations,分面散点与局部放大,docs/assets/archive-gallery/full-reproduction/revision_v1_41_inset_scatter.png,54e753daca3137be3167b28dd47ff2986e4093796dc4202a79ce4804b38b7a82,simulated,False,gallery-file-verified; full-CP0-CP4-not-asserted,模拟数据／方法展示；非原论文数据复现。,Project_015_BioFigure全量复现验证/results/figures/revision_v1_41_inset_scatter.png,biofigure/examples/archive-gallery/full-reproduction/scripts/batch41_50_reproduction.R
BF-0205,differential,分面基因表达比较,docs/assets/archive-gallery/full-reproduction/revision_v1_42_faceted_gene_scatter.png,a9ae25e9ee6bc5e8a62a21a2ab62f3ed27f806a53c5f8f3f28fdd9612b8d954e,simulated,False,gallery-file-verified; full-CP0-CP4-not-asserted,模拟数据／方法展示；非原论文数据复现。,Project_015_BioFigure全量复现验证/results/figures/revision_v1_42_faceted_gene_scatter.png,biofigure/examples/archive-gallery/full-reproduction/scripts/batch41_50_reproduction.R
BF-0206,clinical,亚组森林图：修订版,docs/assets/archive-gallery/full-reproduction/revision_v1_43_subgroup_forest.png,e9df418964f00f36bccaaf099163ed30a46304097d6368d25dab4e3f33395718,simulated,False,gallery-file-verified; full-CP0-CP4-not-asserted,模拟数据／方法展示；非原论文数据复现。,Project_015_BioFigure全量复现验证/results/figures/revision_v1_43_subgroup_forest.png,biofigure/examples/archive-gallery/full-reproduction/scripts/batch41_50_reproduction.R
BF-0207,bars,肿瘤变化瀑布图,docs/assets/archive-gallery/full-reproduction/revision_v1_44_waterfall.png,e903d403eb54e4febcc266828f31aa61d6aa4592fcbe159870354594e085665f,simulated,False,gallery-file-verified; full-CP0-CP4-not-asserted,模拟数据／方法展示；非原论文数据复现。,Project_015_BioFigure全量复现验证/results/figures/revision_v1_44_waterfall.png,biofigure/examples/archive-gallery/full-reproduction/scripts/batch41_50_reproduction.R
BF-0208,clinical,患者泳道：修订版,docs/assets/archive-gallery/full-reproduction/revision_v1_45_swimmer.png,65bbb9d1f3aa5d22e21089d12dea4999d6fb870e044029656e26f8e5912fbf0d,simulated,False,gallery-file-verified; full-CP0-CP4-not-asserted,模拟数据／方法展示；非原论文数据复现。,Project_015_BioFigure全量复现验证/results/figures/revision_v1_45_swimmer.png,biofigure/examples/archive-gallery/full-reproduction/scripts/batch41_50_reproduction.R
BF-0209,differential,细胞比例棒棒糖与 GO 富集,docs/assets/archive-gallery/full-reproduction/revision_v1_46_lollipop_go.png,b37b68d2938512ae24e65e7b711a1d74c7d01b4cd1b6372c8eb6a941ebdd90c6,simulated,False,gallery-file-verified; full-CP0-CP4-not-asserted,模拟数据／方法展示；非原论文数据复现。,Project_015_BioFigure全量复现验证/results/figures/revision_v1_46_lollipop_go.png,biofigure/examples/archive-gallery/full-reproduction/scripts/batch41_50_reproduction.R
BF-0210,correlations,温度降水生态区图,docs/assets/archive-gallery/full-reproduction/revision_v1_47_whittaker.png,8d79bcee3835865a9fb827b01baa61e45ab37e054cc4096e5f1019aca94f2fe4,simulated,False,gallery-file-verified; full-CP0-CP4-not-asserted,模拟数据／方法展示；非原论文数据复现。,Project_015_BioFigure全量复现验证/results/figures/revision_v1_47_whittaker.png,biofigure/examples/archive-gallery/full-reproduction/scripts/batch41_50_reproduction.R
BF-0211,clinical,双组 ROC 曲线,docs/assets/archive-gallery/full-reproduction/revision_v1_48_dual_roc.png,376da37bda015f5ba4a7563b45c591f151d897ab52e7702d634365a88cc95b74,simulated,False,gallery-file-verified; full-CP0-CP4-not-asserted,模拟数据／方法展示；非原论文数据复现。,Project_015_BioFigure全量复现验证/results/figures/revision_v1_48_dual_roc.png,biofigure/examples/archive-gallery/full-reproduction/scripts/batch41_50_reproduction.R
BF-0212,intersections,多种 Venn 图布局,docs/assets/archive-gallery/full-reproduction/revision_v1_49_venn_gallery.png,74d159f85d5e0a0bc4d385a277ba4498318a94cf16caf738d59827e72306a97f,simulated,False,gallery-file-verified; full-CP0-CP4-not-asserted,模拟数据／方法展示；非原论文数据复现。,Project_015_BioFigure全量复现验证/results/figures/revision_v1_49_venn_gallery.png,biofigure/examples/archive-gallery/full-reproduction/scripts/batch41_50_reproduction.R
BF-0213,radar,分面雷达蜘蛛图,docs/assets/archive-gallery/full-reproduction/revision_v1_50_radar_spider.png,35cf5c23b56409b3cd240c255b29fe0b298a6fe7f6188f59810478e78653fbee,simulated,False,gallery-file-verified; full-CP0-CP4-not-asserted,模拟数据／方法展示；非原论文数据复现。,Project_015_BioFigure全量复现验证/results/figures/revision_v1_50_radar_spider.png,biofigure/examples/archive-gallery/full-reproduction/scripts/batch41_50_reproduction.R
BF-0214,genomes,hg19 软件包示例：嵌套染色体,docs/assets/archive-gallery/genome-hg19/genome_distribution_circos.png,da022afc61244ad8353ca8119299c4e8397735621736ab2a5e22077a4f697ad7,package-example,False,gallery-file-verified; full-CP0-CP4-not-asserted,circlize 软件包维护的 DMR／区段示例；不是用户实验数据。,Project_017_基因组分布图验证/results/figures/genome_distribution_circos.png,biofigure/examples/archive-gallery/genome-hg19/scripts/plot_genome_distribution.R
BF-0215,differential,模拟 GWAS 曼哈顿图,docs/assets/archive-gallery/manhattan/manhattan_simulated.png,3c71081aa4255a8fd263ef7b87cae11d96bda5b0e3add38c50a86ea9d1943a57,simulated,False,gallery-file-verified; full-CP0-CP4-not-asserted,模拟数据／方法展示；非原论文数据复现。,Project_018_模拟曼哈顿图/results/figures/manhattan_simulated.png,biofigure/examples/archive-gallery/manhattan/scripts/draw_manhattan.R
BF-0216,correlations,线性关联散点与置信带,docs/assets/archive-gallery/linear/linear_scatter.png,7fb9de95399d9e74b4bfa6da611f0276c1aa252a34e5150c5e541c2555a5b260,simulated,False,gallery-file-verified; full-CP0-CP4-not-asserted,模拟数据／方法展示；非原论文数据复现。,Project_019_线性模拟选图示例/results/figures/linear_scatter.png,biofigure/examples/archive-gallery/linear/scripts/plot_linear.R | biofigure/examples/archive-gallery/linear/scripts/generate_data.py
